"campaignid","sample","longitude","latitude","depth","broad.seagrasses","date","id","method"
"2020-06_south-west_stereo-BRUVs","01",114.930865,-34.128599,46.7,0,"20200602","2020-06_south-west_stereo-BRUVs.01","BOSS"
"2020-06_south-west_stereo-BRUVs","02",114.928838,-34.125316,44.4,1,"20200602","2020-06_south-west_stereo-BRUVs.02","BOSS"
"2020-06_south-west_stereo-BRUVs","03",114.925945,-34.126906,39.3,1,"20200602","2020-06_south-west_stereo-BRUVs.03","BOSS"
"2020-06_south-west_stereo-BRUVs","04",114.920337,-34.122634,44.1,0,"20200602","2020-06_south-west_stereo-BRUVs.04","BOSS"
"2020-06_south-west_stereo-BRUVs","05",114.915753,-34.131497,44.1,0,"20200602","2020-06_south-west_stereo-BRUVs.05","BOSS"
"2020-06_south-west_stereo-BRUVs","06",114.912405,-34.132842,43.2,0,"20200602","2020-06_south-west_stereo-BRUVs.06","BOSS"
"2020-06_south-west_stereo-BRUVs","07",114.910241,-34.134771,43.9,0,"20200602","2020-06_south-west_stereo-BRUVs.07","BOSS"
"2020-06_south-west_stereo-BRUVs","08",114.911755,-34.129352,39.6,0,"20200602","2020-06_south-west_stereo-BRUVs.08","BOSS"
"2020-06_south-west_stereo-BRUVs","09",114.916105,-34.119541,43.8,0,"20200602","2020-06_south-west_stereo-BRUVs.09","BOSS"
"2020-06_south-west_stereo-BRUVs","10",114.918685,-34.117294,45.7,1,"20200602","2020-06_south-west_stereo-BRUVs.10","BOSS"
"2020-06_south-west_stereo-BRUVs","11",114.92306,-34.117752,45.08,1,"20200602","2020-06_south-west_stereo-BRUVs.11","BOSS"
"2020-06_south-west_stereo-BRUVs","12",114.928545,-34.132262,40.1,2,"20200602","2020-06_south-west_stereo-BRUVs.12","BOSS"
"2020-06_south-west_stereo-BRUVs","13",114.930547,-34.128506,45.2,0,"20200602","2020-06_south-west_stereo-BRUVs.13","BOSS"
"2020-06_south-west_stereo-BRUVs","14",114.925457,-34.128381,35,5,"20200602","2020-06_south-west_stereo-BRUVs.14","BOSS"
"2020-06_south-west_stereo-BRUVs","15",114.91032,-34.125012,43,0,"20200602","2020-06_south-west_stereo-BRUVs.15","BOSS"
"2020-06_south-west_stereo-BRUVs","16",114.906548,-34.126181,40.9,0,"20200602","2020-06_south-west_stereo-BRUVs.16","BOSS"
"2020-06_south-west_stereo-BRUVs","17",114.92083,-34.132142,40.2,0,"20200602","2020-06_south-west_stereo-BRUVs.17","BOSS"
"2020-06_south-west_stereo-BRUVs","18",114.924078,-34.128679,35.8,1,"20200602","2020-06_south-west_stereo-BRUVs.18","BOSS"
"2020-06_south-west_stereo-BRUVs","20",114.820233,-34.130219,51.7,0,"20200603","2020-06_south-west_stereo-BRUVs.20","BOSS"
"2020-06_south-west_stereo-BRUVs","21",114.817448,-34.128151,52.4,0,"20200603","2020-06_south-west_stereo-BRUVs.21","BOSS"
"2020-06_south-west_stereo-BRUVs","22",114.819552,-34.126271,51.9,0,"20200603","2020-06_south-west_stereo-BRUVs.22","BOSS"
"2020-06_south-west_stereo-BRUVs","23",114.817017,-34.124217,51.3,1,"20200603","2020-06_south-west_stereo-BRUVs.23","BOSS"
"2020-06_south-west_stereo-BRUVs","24",114.826402,-34.118739,49.8,0,"20200603","2020-06_south-west_stereo-BRUVs.24","BOSS"
"2020-06_south-west_stereo-BRUVs","25",114.828432,-34.116829,48.4,0,"20200603","2020-06_south-west_stereo-BRUVs.25","BOSS"
"2020-06_south-west_stereo-BRUVs","26",114.828907,-34.120881,48.4,0,"20200603","2020-06_south-west_stereo-BRUVs.26","BOSS"
"2020-06_south-west_stereo-BRUVs","27",114.832898,-34.121824,47.8,0,"20200603","2020-06_south-west_stereo-BRUVs.27","BOSS"
"2020-06_south-west_stereo-BRUVs","28",114.852137,-34.112916,44.7,0,"20200603","2020-06_south-west_stereo-BRUVs.28","BOSS"
"2020-06_south-west_stereo-BRUVs","29",114.855648,-34.111084,43,0,"20200603","2020-06_south-west_stereo-BRUVs.29","BOSS"
"2020-06_south-west_stereo-BRUVs","30",114.85946,-34.112094,42.9,1,"20200603","2020-06_south-west_stereo-BRUVs.30","BOSS"
"2020-06_south-west_stereo-BRUVs","31",114.860738,-34.116007,44.4,0,"20200603","2020-06_south-west_stereo-BRUVs.31","BOSS"
"2020-06_south-west_stereo-BRUVs","32",114.86109,-34.130076,43.2,0,"20200603","2020-06_south-west_stereo-BRUVs.32","BOSS"
"2020-06_south-west_stereo-BRUVs","33",114.8627,-34.133067,43.6,1,"20200603","2020-06_south-west_stereo-BRUVs.33","BOSS"
"2020-06_south-west_stereo-BRUVs","34",114.866053,-34.131334,42.7,0,"20200603","2020-06_south-west_stereo-BRUVs.34","BOSS"
"2020-06_south-west_stereo-BRUVs","35",114.869348,-34.134801,43.8,0,"20200603","2020-06_south-west_stereo-BRUVs.35","BOSS"
"2020-06_south-west_stereo-BRUVs","36",114.878263,-34.130484,42.2,0,"20200603","2020-06_south-west_stereo-BRUVs.36","BOSS"
"2020-06_south-west_stereo-BRUVs","37",114.878937,-34.126354,41.2,1,"20200603","2020-06_south-west_stereo-BRUVs.37","BOSS"
"2020-06_south-west_stereo-BRUVs","38",114.883938,-34.127912,41.8,0,"20200603","2020-06_south-west_stereo-BRUVs.38","BOSS"
"2020-06_south-west_stereo-BRUVs","39",114.884797,-34.132294,42.2,2,"20200603","2020-06_south-west_stereo-BRUVs.39","BOSS"
"2020-06_south-west_stereo-BRUVs","40",114.880443,-34.133669,41.2,2,"20200603","2020-06_south-west_stereo-BRUVs.40","BOSS"
"2020-10_south-west_stereo-BRUVs","FH10",114.8863721,-33.98618897,42.9,5,"20201013","2020-10_south-west_stereo-BRUVs.FH10","BRUV"
"2020-10_south-west_stereo-BRUVs","FH102",114.9288721,-33.68868897,44.1,0,"20201017","2020-10_south-west_stereo-BRUVs.FH102","BRUV"
"2020-10_south-west_stereo-BRUVs","FH106",114.8163721,-33.78868897,47.1,0,"20201012","2020-10_south-west_stereo-BRUVs.FH106","BRUV"
"2020-10_south-west_stereo-BRUVs","FH108",114.9238721,-33.76118897,44.7,0,"20201017","2020-10_south-west_stereo-BRUVs.FH108","BRUV"
"2020-10_south-west_stereo-BRUVs","FH109",114.9088721,-33.91618897,45.9,7,"20201029","2020-10_south-west_stereo-BRUVs.FH109","BRUV"
"2020-10_south-west_stereo-BRUVs","FH11",114.9388721,-33.89868897,42.3,0,"20201029","2020-10_south-west_stereo-BRUVs.FH11","BRUV"
"2020-10_south-west_stereo-BRUVs","FH110",114.8213721,-33.80868897,44.7,1,"20201012","2020-10_south-west_stereo-BRUVs.FH110","BRUV"
"2020-10_south-west_stereo-BRUVs","FH111",114.8788721,-33.98618897,41.4,3,"20201013","2020-10_south-west_stereo-BRUVs.FH111","BRUV"
"2020-10_south-west_stereo-BRUVs","FH113",114.7963721,-33.72368897,45,12,"20201012","2020-10_south-west_stereo-BRUVs.FH113","BRUV"
"2020-10_south-west_stereo-BRUVs","FH12",114.8963721,-33.91868897,46.1,4,"20201029","2020-10_south-west_stereo-BRUVs.FH12","BRUV"
"2020-10_south-west_stereo-BRUVs","FH14",114.8713721,-33.76618897,44.4,0,"20201017","2020-10_south-west_stereo-BRUVs.FH14","BRUV"
"2020-10_south-west_stereo-BRUVs","FH15",114.8063721,-33.68868897,48,0,"20201012","2020-10_south-west_stereo-BRUVs.FH15","BRUV"
"2020-10_south-west_stereo-BRUVs","FH16",114.8563721,-33.90118897,43.1,8,"20201013","2020-10_south-west_stereo-BRUVs.FH16","BRUV"
"2020-10_south-west_stereo-BRUVs","FH17",114.8763721,-33.83368897,42.9,0,"20201012","2020-10_south-west_stereo-BRUVs.FH17","BRUV"
"2020-10_south-west_stereo-BRUVs","FH18",114.8213721,-33.79118897,43.5,0,"20201012","2020-10_south-west_stereo-BRUVs.FH18","BRUV"
"2020-10_south-west_stereo-BRUVs","FH2",114.8913721,-33.91868897,43.9,7,"20201029","2020-10_south-west_stereo-BRUVs.FH2","BRUV"
"2020-10_south-west_stereo-BRUVs","FH20",114.8738721,-33.78618897,43.1,1,"20201017","2020-10_south-west_stereo-BRUVs.FH20","BRUV"
"2020-10_south-west_stereo-BRUVs","FH21",114.8088721,-33.79368897,45,5,"20201012","2020-10_south-west_stereo-BRUVs.FH21","BRUV"
"2020-10_south-west_stereo-BRUVs","FH23",114.8288721,-33.94618897,44.2,10,"20201013","2020-10_south-west_stereo-BRUVs.FH23","BRUV"
"2020-10_south-west_stereo-BRUVs","FH24",114.8438721,-33.66868897,47.6,0,"20201012","2020-10_south-west_stereo-BRUVs.FH24","BRUV"
"2020-10_south-west_stereo-BRUVs","FH25",114.8163721,-33.87868897,45.4,5,"20201013","2020-10_south-west_stereo-BRUVs.FH25","BRUV"
"2020-10_south-west_stereo-BRUVs","FH26",114.8288721,-33.81118897,44.1,0,"20201012","2020-10_south-west_stereo-BRUVs.FH26","BRUV"
"2020-10_south-west_stereo-BRUVs","FH27",114.8713721,-33.83618897,42.9,1,"20201012","2020-10_south-west_stereo-BRUVs.FH27","BRUV"
"2020-10_south-west_stereo-BRUVs","FH28",114.9338721,-33.76368897,44.7,0,"20201017","2020-10_south-west_stereo-BRUVs.FH28","BRUV"
"2020-10_south-west_stereo-BRUVs","FH30",114.8888721,-33.75118897,46.2,0,"20201017","2020-10_south-west_stereo-BRUVs.FH30","BRUV"
"2020-10_south-west_stereo-BRUVs","FH31",114.8238721,-33.67368897,45.4,0,"20201012","2020-10_south-west_stereo-BRUVs.FH31","BRUV"
"2020-10_south-west_stereo-BRUVs","FH32",114.9463721,-33.69618897,42.9,0,"20201017","2020-10_south-west_stereo-BRUVs.FH32","BRUV"
"2020-10_south-west_stereo-BRUVs","FH33",114.8263721,-33.70868897,42.3,5,"20201012","2020-10_south-west_stereo-BRUVs.FH33","BRUV"
"2020-10_south-west_stereo-BRUVs","FH34",114.8838721,-33.78618897,44.8,2,"20201017","2020-10_south-west_stereo-BRUVs.FH34","BRUV"
"2020-10_south-west_stereo-BRUVs","FH35",114.9313721,-33.88368897,45.2,0,"20201029","2020-10_south-west_stereo-BRUVs.FH35","BRUV"
"2020-10_south-west_stereo-BRUVs","FH37",114.8138721,-33.71118897,44.2,1,"20201012","2020-10_south-west_stereo-BRUVs.FH37","BRUV"
"2020-10_south-west_stereo-BRUVs","FH39",114.9313721,-33.90368897,44.8,0,"20201029","2020-10_south-west_stereo-BRUVs.FH39","BRUV"
"2020-10_south-west_stereo-BRUVs","FH40",114.8888721,-33.92368897,42.9,0,"20201029","2020-10_south-west_stereo-BRUVs.FH40","BRUV"
"2020-10_south-west_stereo-BRUVs","FH41",114.8388721,-33.67118897,44.1,14,"20201012","2020-10_south-west_stereo-BRUVs.FH41","BRUV"
"2020-10_south-west_stereo-BRUVs","FH42",114.8113721,-33.88118897,45.7,6,"20201013","2020-10_south-west_stereo-BRUVs.FH42","BRUV"
"2020-10_south-west_stereo-BRUVs","FH44",114.8638721,-33.77118897,43.3,10,"20201017","2020-10_south-west_stereo-BRUVs.FH44","BRUV"
"2020-10_south-west_stereo-BRUVs","FH45",114.7988721,-33.69368897,47.6,4,"20201012","2020-10_south-west_stereo-BRUVs.FH45","BRUV"
"2020-10_south-west_stereo-BRUVs","FH46",114.9288721,-33.76618897,44.9,0,"20201017","2020-10_south-west_stereo-BRUVs.FH46","BRUV"
"2020-10_south-west_stereo-BRUVs","FH47",114.8488721,-33.90618897,43.5,5,"20201013","2020-10_south-west_stereo-BRUVs.FH47","BRUV"
"2020-10_south-west_stereo-BRUVs","FH48",114.8138721,-33.79618897,48.5,3,"20201012","2020-10_south-west_stereo-BRUVs.FH48","BRUV"
"2020-10_south-west_stereo-BRUVs","FH49",114.9163721,-33.92118897,43.9,0,"20201029","2020-10_south-west_stereo-BRUVs.FH49","BRUV"
"2020-10_south-west_stereo-BRUVs","FH5",114.9413721,-33.69368897,44.5,10,"20201017","2020-10_south-west_stereo-BRUVs.FH5","BRUV"
"2020-10_south-west_stereo-BRUVs","FH50",114.9313721,-33.68118897,44.6,0,"20201017","2020-10_south-west_stereo-BRUVs.FH50","BRUV"
"2020-10_south-west_stereo-BRUVs","FH51",114.8538721,-33.90618897,43,18,"20201013","2020-10_south-west_stereo-BRUVs.FH51","BRUV"
"2020-10_south-west_stereo-BRUVs","FH52",114.8888721,-33.99118897,42.1,8,"20201013","2020-10_south-west_stereo-BRUVs.FH52","BRUV"
"2020-10_south-west_stereo-BRUVs","FH54",114.9388721,-33.76618897,43.2,0,"20201017","2020-10_south-west_stereo-BRUVs.FH54","BRUV"
"2020-10_south-west_stereo-BRUVs","FH55",114.9088721,-33.92368897,44.9,0,"20201029","2020-10_south-west_stereo-BRUVs.FH55","BRUV"
"2020-10_south-west_stereo-BRUVs","FH56",114.8663721,-33.83118897,43.5,5,"20201012","2020-10_south-west_stereo-BRUVs.FH56","BRUV"
"2020-10_south-west_stereo-BRUVs","FH57",114.8113721,-33.78868897,45.8,1,"20201012","2020-10_south-west_stereo-BRUVs.FH57","BRUV"
"2020-10_south-west_stereo-BRUVs","FH58",114.8413721,-33.66368897,45.1,3,"20201012","2020-10_south-west_stereo-BRUVs.FH58","BRUV"
"2020-10_south-west_stereo-BRUVs","FH59",114.8188721,-33.66868897,44.6,0,"20201012","2020-10_south-west_stereo-BRUVs.FH59","BRUV"
"2020-10_south-west_stereo-BRUVs","FH6",114.8213721,-33.70618897,46,3,"20201012","2020-10_south-west_stereo-BRUVs.FH6","BRUV"
"2020-10_south-west_stereo-BRUVs","FH60",114.8213721,-33.81618897,44.5,1,"20201012","2020-10_south-west_stereo-BRUVs.FH60","BRUV"
"2020-10_south-west_stereo-BRUVs","FH61",114.8638721,-33.84118897,43.9,11,"20201012","2020-10_south-west_stereo-BRUVs.FH61","BRUV"
"2020-10_south-west_stereo-BRUVs","FH62",114.8813721,-33.75618897,45.1,2,"20201017","2020-10_south-west_stereo-BRUVs.FH62","BRUV"
"2020-10_south-west_stereo-BRUVs","FH63",114.8163721,-33.67868897,46.3,0,"20201012","2020-10_south-west_stereo-BRUVs.FH63","BRUV"
"2020-10_south-west_stereo-BRUVs","FH64",114.9388721,-33.70118897,44.2,0,"20201017","2020-10_south-west_stereo-BRUVs.FH64","BRUV"
"2020-10_south-west_stereo-BRUVs","FH65",114.8188721,-33.71368897,45.7,0,"20201012","2020-10_south-west_stereo-BRUVs.FH65","BRUV"
"2020-10_south-west_stereo-BRUVs","FH66",114.9363721,-33.90618897,41.8,16,"20201029","2020-10_south-west_stereo-BRUVs.FH66","BRUV"
"2020-10_south-west_stereo-BRUVs","FH67",114.9238721,-33.88868897,46.1,0,"20201029","2020-10_south-west_stereo-BRUVs.FH67","BRUV"
"2020-10_south-west_stereo-BRUVs","FH68",114.8288721,-33.95118897,44.5,4,"20201013","2020-10_south-west_stereo-BRUVs.FH68","BRUV"
"2020-10_south-west_stereo-BRUVs","FH69",114.8038721,-33.69618897,46.9,4,"20201012","2020-10_south-west_stereo-BRUVs.FH69","BRUV"
"2020-10_south-west_stereo-BRUVs","FH7",114.8788721,-33.78368897,45,4,"20201017","2020-10_south-west_stereo-BRUVs.FH7","BRUV"
"2020-10_south-west_stereo-BRUVs","FH70",114.8463721,-33.67368897,48.6,0,"20201012","2020-10_south-west_stereo-BRUVs.FH70","BRUV"
"2020-10_south-west_stereo-BRUVs","FH71",114.8188721,-33.88368897,45.3,7,"20201013","2020-10_south-west_stereo-BRUVs.FH71","BRUV"
"2020-10_south-west_stereo-BRUVs","FH72",114.9288721,-33.88868897,44.1,0,"20201029","2020-10_south-west_stereo-BRUVs.FH72","BRUV"
"2020-10_south-west_stereo-BRUVs","FH74",114.8063721,-33.73118897,44.9,14,"20201012","2020-10_south-west_stereo-BRUVs.FH74","BRUV"
"2020-10_south-west_stereo-BRUVs","FH77",114.8763721,-33.99618897,42,1,"20201013","2020-10_south-west_stereo-BRUVs.FH77","BRUV"
"2020-10_south-west_stereo-BRUVs","FH78",114.9163721,-33.89118897,45.8,0,"20201029","2020-10_south-west_stereo-BRUVs.FH78","BRUV"
"2020-10_south-west_stereo-BRUVs","FH79",114.8088721,-33.88618897,44.9,11,"20201013","2020-10_south-west_stereo-BRUVs.FH79","BRUV"
"2020-10_south-west_stereo-BRUVs","FH8",114.8013721,-33.72368897,43.9,10,"20201012","2020-10_south-west_stereo-BRUVs.FH8","BRUV"
"2020-10_south-west_stereo-BRUVs","FH82",114.9238721,-33.68618897,44.8,0,"20201017","2020-10_south-west_stereo-BRUVs.FH82","BRUV"
"2020-10_south-west_stereo-BRUVs","FH83",114.8463721,-33.91118897,40.9,0,"20201013","2020-10_south-west_stereo-BRUVs.FH83","BRUV"
"2020-10_south-west_stereo-BRUVs","FH84",114.7988721,-33.73368897,45.6,4,"20201012","2020-10_south-west_stereo-BRUVs.FH84","BRUV"
"2020-10_south-west_stereo-BRUVs","FH85",114.9138721,-33.92618897,44.7,0,"20201029","2020-10_south-west_stereo-BRUVs.FH85","BRUV"
"2020-10_south-west_stereo-BRUVs","FH87",114.8938721,-33.92868897,43.8,7,"20201029","2020-10_south-west_stereo-BRUVs.FH87","BRUV"
"2020-10_south-west_stereo-BRUVs","FH89",114.8013721,-33.68618897,45.7,0,"20201012","2020-10_south-west_stereo-BRUVs.FH89","BRUV"
"2020-10_south-west_stereo-BRUVs","FH9",114.8513721,-33.90118897,43.6,0,"20201013","2020-10_south-west_stereo-BRUVs.FH9","BRUV"
"2020-10_south-west_stereo-BRUVs","FH92",114.8713721,-33.84368897,44.2,6,"20201012","2020-10_south-west_stereo-BRUVs.FH92","BRUV"
"2020-10_south-west_stereo-BRUVs","FH93",114.8688721,-33.77618897,43.3,24,"20201017","2020-10_south-west_stereo-BRUVs.FH93","BRUV"
"2020-10_south-west_stereo-BRUVs","FH94",114.9413721,-33.90868897,41.9,0,"20201029","2020-10_south-west_stereo-BRUVs.FH94","BRUV"
"2020-10_south-west_stereo-BRUVs","FH95",114.8913721,-33.75868897,46.8,0,"20201017","2020-10_south-west_stereo-BRUVs.FH95","BRUV"
"2020-10_south-west_stereo-BRUVs","FH96",114.8338721,-33.81868897,44.9,6,"20201012","2020-10_south-west_stereo-BRUVs.FH96","BRUV"
"2020-10_south-west_stereo-BRUVs","FH99",114.8363721,-33.95368897,43.5,0,"20201013","2020-10_south-west_stereo-BRUVs.FH99","BRUV"
"2020-10_south-west_stereo-BRUVs","FHA",114.937827,-33.683135,44.6,0,"20201017","2020-10_south-west_stereo-BRUVs.FHA","BRUV"
"2020-10_south-west_stereo-BRUVs","FHB",114.957127,-33.681655,41.3,0,"20201017","2020-10_south-west_stereo-BRUVs.FHB","BRUV"
"2020-10_south-west_stereo-BRUVs","FHC",114.965092,-33.680718,36.2,0,"20201017","2020-10_south-west_stereo-BRUVs.FHC","BRUV"
"2020-10_south-west_stereo-BRUVs","FHCO1",114.809825,-33.669869,44.8,0,"20201012","2020-10_south-west_stereo-BRUVs.FHCO1","BRUV"
"2020-10_south-west_stereo-BRUVs","FHCO2",114.813293,-33.72358,42,6,"20201012","2020-10_south-west_stereo-BRUVs.FHCO2","BRUV"
"2020-10_south-west_stereo-BRUVs","FHCO3",114.819555,-33.948622,44.5,15,"20201013","2020-10_south-west_stereo-BRUVs.FHCO3","BRUV"
"2020-10_south-west_stereo-BRUVs","FHD",114.958507,-33.686897,39.5,0,"20201017","2020-10_south-west_stereo-BRUVs.FHD","BRUV"
"2020-10_south-west_stereo-BRUVs","FHE",114.951172,-33.687267,42.3,0,"20201017","2020-10_south-west_stereo-BRUVs.FHE","BRUV"
"2020-10_south-west_stereo-BRUVs","IO1",114.7788721,-34.07868897,64.6,0,"20201015","2020-10_south-west_stereo-BRUVs.IO1","BRUV"
"2020-10_south-west_stereo-BRUVs","IO100",114.9088721,-34.07618897,43.6,0,"20201029","2020-10_south-west_stereo-BRUVs.IO100","BRUV"
"2020-10_south-west_stereo-BRUVs","IO101",114.8963721,-34.07868897,43.5,0,"20201029","2020-10_south-west_stereo-BRUVs.IO101","BRUV"
"2020-10_south-west_stereo-BRUVs","IO102",114.9113721,-34.07118897,45.2,16,"20201029","2020-10_south-west_stereo-BRUVs.IO102","BRUV"
"2020-10_south-west_stereo-BRUVs","IO105",114.6688721,-34.06368897,139,0,"20201023","2020-10_south-west_stereo-BRUVs.IO105","BRUV"
"2020-10_south-west_stereo-BRUVs","IO107",114.6763721,-34.06368897,137,0,"20201023","2020-10_south-west_stereo-BRUVs.IO107","BRUV"
"2020-10_south-west_stereo-BRUVs","IO108",114.6688721,-34.05118897,138,0,"20201023","2020-10_south-west_stereo-BRUVs.IO108","BRUV"
"2020-10_south-west_stereo-BRUVs","IO109",114.6738721,-34.05618897,138,0,"20201023","2020-10_south-west_stereo-BRUVs.IO109","BRUV"
"2020-10_south-west_stereo-BRUVs","IO110",114.7288721,-34.14118897,128,0,"20201022","2020-10_south-west_stereo-BRUVs.IO110","BRUV"
"2020-10_south-west_stereo-BRUVs","IO113",114.7388721,-34.05868897,111,0,"20201023","2020-10_south-west_stereo-BRUVs.IO113","BRUV"
"2020-10_south-west_stereo-BRUVs","IO115",114.7363721,-34.05368897,112,0,"20201023","2020-10_south-west_stereo-BRUVs.IO115","BRUV"
"2020-10_south-west_stereo-BRUVs","IO117",114.7388721,-34.06368897,115,0,"20201023","2020-10_south-west_stereo-BRUVs.IO117","BRUV"
"2020-10_south-west_stereo-BRUVs","IO119",114.9038721,-34.07618897,43.8,0,"20201029","2020-10_south-west_stereo-BRUVs.IO119","BRUV"
"2020-10_south-west_stereo-BRUVs","IO122",114.8263721,-34.11618897,57.4,0,"20201015","2020-10_south-west_stereo-BRUVs.IO122","BRUV"
"2020-10_south-west_stereo-BRUVs","IO123",114.8188721,-34.10618897,49.1,0,"20201015","2020-10_south-west_stereo-BRUVs.IO123","BRUV"
"2020-10_south-west_stereo-BRUVs","IO125",114.8263721,-34.10868897,55.8,0,"20201015","2020-10_south-west_stereo-BRUVs.IO125","BRUV"
"2020-10_south-west_stereo-BRUVs","IO126",114.8188721,-34.11368897,58.2,4,"20201015","2020-10_south-west_stereo-BRUVs.IO126","BRUV"
"2020-10_south-west_stereo-BRUVs","IO130",114.8763721,-33.98118897,41.1,2,"20201013","2020-10_south-west_stereo-BRUVs.IO130","BRUV"
"2020-10_south-west_stereo-BRUVs","IO132",114.8713721,-33.99118897,42.6,7,"20201013","2020-10_south-west_stereo-BRUVs.IO132","BRUV"
"2020-10_south-west_stereo-BRUVs","IO133",114.8663721,-33.99118897,40.8,15,"20201013","2020-10_south-west_stereo-BRUVs.IO133","BRUV"
"2020-10_south-west_stereo-BRUVs","IO134",114.8613721,-33.98368897,41.2,4,"20201013","2020-10_south-west_stereo-BRUVs.IO134","BRUV"
"2020-10_south-west_stereo-BRUVs","IO145",114.8238721,-33.98618897,45.5,1,"20201013","2020-10_south-west_stereo-BRUVs.IO145","BRUV"
"2020-10_south-west_stereo-BRUVs","IO146",114.8213721,-33.97618897,45.7,1,"20201013","2020-10_south-west_stereo-BRUVs.IO146","BRUV"
"2020-10_south-west_stereo-BRUVs","IO147",114.8313721,-33.98118897,44,1,"20201013","2020-10_south-west_stereo-BRUVs.IO147","BRUV"
"2020-10_south-west_stereo-BRUVs","IO148",114.5963721,-34.01118897,140,0,"20201123","2020-10_south-west_stereo-BRUVs.IO148","BRUV"
"2020-10_south-west_stereo-BRUVs","IO15",114.8663721,-34.06118897,40.8,16,"20201016","2020-10_south-west_stereo-BRUVs.IO15","BRUV"
"2020-10_south-west_stereo-BRUVs","IO152",114.8688721,-33.98118897,41.2,2,"20201013","2020-10_south-west_stereo-BRUVs.IO152","BRUV"
"2020-10_south-west_stereo-BRUVs","IO153",114.8888721,-34.04618897,42.6,0,"20201016","2020-10_south-west_stereo-BRUVs.IO153","BRUV"
"2020-10_south-west_stereo-BRUVs","IO155",114.8838721,-34.04368897,41.9,0,"20201016","2020-10_south-west_stereo-BRUVs.IO155","BRUV"
"2020-10_south-west_stereo-BRUVs","IO157",114.8238721,-33.97118897,45.6,0,"20201013","2020-10_south-west_stereo-BRUVs.IO157","BRUV"
"2020-10_south-west_stereo-BRUVs","IO158",114.8188721,-33.98118897,44.6,1,"20201013","2020-10_south-west_stereo-BRUVs.IO158","BRUV"
"2020-10_south-west_stereo-BRUVs","IO16",114.8688721,-34.07368897,41.4,0,"20201016","2020-10_south-west_stereo-BRUVs.IO16","BRUV"
"2020-10_south-west_stereo-BRUVs","IO164",114.9038721,-34.03368897,44.1,0,"20201016","2020-10_south-west_stereo-BRUVs.IO164","BRUV"
"2020-10_south-west_stereo-BRUVs","IO165",114.8988721,-34.04368897,42.6,0,"20201016","2020-10_south-west_stereo-BRUVs.IO165","BRUV"
"2020-10_south-west_stereo-BRUVs","IO17",114.8763721,-34.06368897,41.1,0,"20201016","2020-10_south-west_stereo-BRUVs.IO17","BRUV"
"2020-10_south-west_stereo-BRUVs","IO180",114.7038721,-33.99618897,122,0,"20201123","2020-10_south-west_stereo-BRUVs.IO180","BRUV"
"2020-10_south-west_stereo-BRUVs","IO184",114.9038721,-34.04118897,45.9,0,"20201016","2020-10_south-west_stereo-BRUVs.IO184","BRUV"
"2020-10_south-west_stereo-BRUVs","IO189",114.6638721,-33.98868897,139,0,"20201023","2020-10_south-west_stereo-BRUVs.IO189","BRUV"
"2020-10_south-west_stereo-BRUVs","IO191",114.6713721,-33.99868897,137,0,"20201023","2020-10_south-west_stereo-BRUVs.IO191","BRUV"
"2020-10_south-west_stereo-BRUVs","IO192",114.6688721,-33.98618897,138,0,"20201023","2020-10_south-west_stereo-BRUVs.IO192","BRUV"
"2020-10_south-west_stereo-BRUVs","IO194",114.6638721,-33.99618897,139,0,"20201023","2020-10_south-west_stereo-BRUVs.IO194","BRUV"
"2020-10_south-west_stereo-BRUVs","IO195",114.8588721,-34.09368897,43.4,7,"20201016","2020-10_south-west_stereo-BRUVs.IO195","BRUV"
"2020-10_south-west_stereo-BRUVs","IO199",114.8613721,-34.08618897,42.1,5,"20201016","2020-10_south-west_stereo-BRUVs.IO199","BRUV"
"2020-10_south-west_stereo-BRUVs","IO201",114.8338721,-34.05618897,45.3,1,"20201015","2020-10_south-west_stereo-BRUVs.IO201","BRUV"
"2020-10_south-west_stereo-BRUVs","IO204",114.7863721,-34.06618897,61.5,0,"20201015","2020-10_south-west_stereo-BRUVs.IO204","BRUV"
"2020-10_south-west_stereo-BRUVs","IO206",114.7913721,-34.06368897,58.2,0,"20201015","2020-10_south-west_stereo-BRUVs.IO206","BRUV"
"2020-10_south-west_stereo-BRUVs","IO207",114.7863721,-34.06118897,60.4,0,"20201015","2020-10_south-west_stereo-BRUVs.IO207","BRUV"
"2020-10_south-west_stereo-BRUVs","IO210",114.8738721,-34.09118897,43.5,1,"20201016","2020-10_south-west_stereo-BRUVs.IO210","BRUV"
"2020-10_south-west_stereo-BRUVs","IO211",114.9063721,-34.05618897,43.5,17,"20201029","2020-10_south-west_stereo-BRUVs.IO211","BRUV"
"2020-10_south-west_stereo-BRUVs","IOC06",114.876372,-34.048689,41.5,17,"20201016","2020-10_south-west_stereo-BRUVs.IOC06","BRUV"
"2020-10_south-west_stereo-BRUVs","IO216",114.9163721,-34.06118897,47.5,0,"20201029","2020-10_south-west_stereo-BRUVs.IO216","BRUV"
"2020-10_south-west_stereo-BRUVs","IO217",114.9188721,-34.06618897,47.1,0,"20201016","2020-10_south-west_stereo-BRUVs.IO217","BRUV"
"2020-10_south-west_stereo-BRUVs","IO218",114.9213721,-34.07368897,46.8,0,"20201016","2020-10_south-west_stereo-BRUVs.IO218","BRUV"
"2020-10_south-west_stereo-BRUVs","IO220",114.8438721,-34.05618897,43.7,0,"20201015","2020-10_south-west_stereo-BRUVs.IO220","BRUV"
"2020-10_south-west_stereo-BRUVs","IO222",114.8313721,-34.06618897,45,0,"20201015","2020-10_south-west_stereo-BRUVs.IO222","BRUV"
"2020-10_south-west_stereo-BRUVs","IO223",114.8463721,-34.07118897,42.9,0,"20201015","2020-10_south-west_stereo-BRUVs.IO223","BRUV"
"2020-10_south-west_stereo-BRUVs","IO224",114.8388721,-34.06118897,43.6,1,"20201015","2020-10_south-west_stereo-BRUVs.IO224","BRUV"
"2020-10_south-west_stereo-BRUVs","IO225",114.8338721,-34.07118897,44.9,0,"20201015","2020-10_south-west_stereo-BRUVs.IO225","BRUV"
"2020-10_south-west_stereo-BRUVs","IO226",114.8438721,-34.06368897,42.8,0,"20201015","2020-10_south-west_stereo-BRUVs.IO226","BRUV"
"2020-10_south-west_stereo-BRUVs","IO227",114.7838721,-33.99868897,52.9,0,"20201019","2020-10_south-west_stereo-BRUVs.IO227","BRUV"
"2020-10_south-west_stereo-BRUVs","IO228",114.7938721,-34.00368897,50.4,1,"20201019","2020-10_south-west_stereo-BRUVs.IO228","BRUV"
"2020-10_south-west_stereo-BRUVs","IO229",114.7863721,-33.99368897,53,0,"20201019","2020-10_south-west_stereo-BRUVs.IO229","BRUV"
"2020-10_south-west_stereo-BRUVs","IO235",114.9138721,-34.06618897,46.5,0,"20201016","2020-10_south-west_stereo-BRUVs.IO235","BRUV"
"2020-10_south-west_stereo-BRUVs","IO236",114.9238721,-34.08118897,46.8,0,"20201016","2020-10_south-west_stereo-BRUVs.IO236","BRUV"
"2020-10_south-west_stereo-BRUVs","IO237",114.9363721,-34.08118897,43.2,0,"20201016","2020-10_south-west_stereo-BRUVs.IO237","BRUV"
"2020-10_south-west_stereo-BRUVs","IO239",114.9313721,-34.09118897,45.9,0,"20201016","2020-10_south-west_stereo-BRUVs.IO239","BRUV"
"2020-10_south-west_stereo-BRUVs","IO241",114.7913721,-33.99368897,50.6,0,"20201019","2020-10_south-west_stereo-BRUVs.IO241","BRUV"
"2020-10_south-west_stereo-BRUVs","IO244",114.9063721,-34.00368897,44.7,0,"20201019","2020-10_south-west_stereo-BRUVs.IO244","BRUV"
"2020-10_south-west_stereo-BRUVs","IO245",114.9013721,-34.00868897,42.3,2,"20201019","2020-10_south-west_stereo-BRUVs.IO245","BRUV"
"2020-10_south-west_stereo-BRUVs","IO253",114.7038721,-34.01368897,124,0,"20201123","2020-10_south-west_stereo-BRUVs.IO253","BRUV"
"2020-10_south-west_stereo-BRUVs","IO254",114.6963721,-34.01868897,119,0,"20201123","2020-10_south-west_stereo-BRUVs.IO254","BRUV"
"2020-10_south-west_stereo-BRUVs","IO258",114.9138721,-33.96618897,45.2,0,"20201019","2020-10_south-west_stereo-BRUVs.IO258","BRUV"
"2020-10_south-west_stereo-BRUVs","IO259",114.9213721,-33.96868897,46.8,0,"20201019","2020-10_south-west_stereo-BRUVs.IO259","BRUV"
"2020-10_south-west_stereo-BRUVs","IO260",114.9163721,-33.97118897,46.3,0,"20201019","2020-10_south-west_stereo-BRUVs.IO260","BRUV"
"2020-10_south-west_stereo-BRUVs","IO261",114.9213721,-33.97618897,46.9,0,"20201019","2020-10_south-west_stereo-BRUVs.IO261","BRUV"
"2020-10_south-west_stereo-BRUVs","IO262",114.8738721,-34.01368897,41.9,0,"20201019","2020-10_south-west_stereo-BRUVs.IO262","BRUV"
"2020-10_south-west_stereo-BRUVs","IO263",114.8788721,-34.00868897,42.4,12,"20201019","2020-10_south-west_stereo-BRUVs.IO263","BRUV"
"2020-10_south-west_stereo-BRUVs","IO264",114.8738721,-34.01868897,42,0,"20201019","2020-10_south-west_stereo-BRUVs.IO264","BRUV"
"2020-10_south-west_stereo-BRUVs","IO266",114.7588721,-34.02118897,67.3,0,"20201015","2020-10_south-west_stereo-BRUVs.IO266","BRUV"
"2020-10_south-west_stereo-BRUVs","IO267",114.7638721,-34.02618897,62.5,0,"20201015","2020-10_south-west_stereo-BRUVs.IO267","BRUV"
"2020-10_south-west_stereo-BRUVs","IO269",114.8138721,-33.98868897,47.6,0,"20201019","2020-10_south-west_stereo-BRUVs.IO269","BRUV"
"2020-10_south-west_stereo-BRUVs","IO272",114.8138721,-34.00868897,49.2,0,"20201019","2020-10_south-west_stereo-BRUVs.IO272","BRUV"
"2020-10_south-west_stereo-BRUVs","IO273",114.8213721,-33.99868897,44.9,2,"20201019","2020-10_south-west_stereo-BRUVs.IO273","BRUV"
"2020-10_south-west_stereo-BRUVs","IO275",114.6463721,-34.09868897,140,0,"20201123","2020-10_south-west_stereo-BRUVs.IO275","BRUV"
"2020-10_south-west_stereo-BRUVs","IO276",114.6363721,-34.10118897,140,0,"20201123","2020-10_south-west_stereo-BRUVs.IO276","BRUV"
"2020-10_south-west_stereo-BRUVs","IO277",114.6463721,-34.10618897,139,0,"20201123","2020-10_south-west_stereo-BRUVs.IO277","BRUV"
"2020-10_south-west_stereo-BRUVs","IO278",114.6388721,-34.11118897,140,0,"20201123","2020-10_south-west_stereo-BRUVs.IO278","BRUV"
"2020-10_south-west_stereo-BRUVs","IO280",114.6738721,-34.08868897,139,0,"20201023","2020-10_south-west_stereo-BRUVs.IO280","BRUV"
"2020-10_south-west_stereo-BRUVs","IO290",114.7188721,-34.06868897,124,0,"20201023","2020-10_south-west_stereo-BRUVs.IO290","BRUV"
"2020-10_south-west_stereo-BRUVs","IO291",114.7488721,-34.08368897,109,0,"20201022","2020-10_south-west_stereo-BRUVs.IO291","BRUV"
"2020-10_south-west_stereo-BRUVs","IO293",114.7588721,-34.08868897,111,0,"20201022","2020-10_south-west_stereo-BRUVs.IO293","BRUV"
"2020-10_south-west_stereo-BRUVs","IO294",114.7538721,-34.08368897,114,0,"20201022","2020-10_south-west_stereo-BRUVs.IO294","BRUV"
"2020-10_south-west_stereo-BRUVs","IO295",114.7538721,-34.10368897,109,0,"20201022","2020-10_south-west_stereo-BRUVs.IO295","BRUV"
"2020-10_south-west_stereo-BRUVs","IO297",114.7488721,-34.10618897,114,0,"20201022","2020-10_south-west_stereo-BRUVs.IO297","BRUV"
"2020-10_south-west_stereo-BRUVs","IO298",114.6713721,-34.07618897,138,0,"20201023","2020-10_south-west_stereo-BRUVs.IO298","BRUV"
"2020-10_south-west_stereo-BRUVs","IO299",114.6763721,-34.08118897,139,0,"20201023","2020-10_south-west_stereo-BRUVs.IO299","BRUV"
"2020-10_south-west_stereo-BRUVs","IO3",114.7838721,-34.07618897,62,0,"20201015","2020-10_south-west_stereo-BRUVs.IO3","BRUV"
"2020-10_south-west_stereo-BRUVs","IO300",114.6688721,-34.08618897,138,0,"20201123","2020-10_south-west_stereo-BRUVs.IO300","BRUV"
"2020-10_south-west_stereo-BRUVs","IO302",114.7238721,-34.07118897,122,0,"20201023","2020-10_south-west_stereo-BRUVs.IO302","BRUV"
"2020-10_south-west_stereo-BRUVs","IO306",114.7338721,-34.10118897,124,0,"20201022","2020-10_south-west_stereo-BRUVs.IO306","BRUV"
"2020-10_south-west_stereo-BRUVs","IO307",114.7263721,-34.11868897,128,0,"20201022","2020-10_south-west_stereo-BRUVs.IO307","BRUV"
"2020-10_south-west_stereo-BRUVs","IO308",114.7288721,-34.11118897,126,0,"20201022","2020-10_south-west_stereo-BRUVs.IO308","BRUV"
"2020-10_south-west_stereo-BRUVs","IO310",114.7738721,-34.05868897,64.7,0,"20201015","2020-10_south-west_stereo-BRUVs.IO310","BRUV"
"2020-10_south-west_stereo-BRUVs","IO311",114.7688721,-34.05618897,66.1,0,"20201015","2020-10_south-west_stereo-BRUVs.IO311","BRUV"
"2020-10_south-west_stereo-BRUVs","IO312",114.7788721,-34.05868897,61.2,0,"20201015","2020-10_south-west_stereo-BRUVs.IO312","BRUV"
"2020-10_south-west_stereo-BRUVs","IO313",114.7563721,-34.09618897,108,0,"20201022","2020-10_south-west_stereo-BRUVs.IO313","BRUV"
"2020-10_south-west_stereo-BRUVs","IO319",114.7313721,-34.09368897,124,0,"20201022","2020-10_south-west_stereo-BRUVs.IO319","BRUV"
"2020-10_south-west_stereo-BRUVs","IO323",114.6001,-34.03103333,141,0,"20201123","2020-10_south-west_stereo-BRUVs.IO323","BRUV"
"2020-10_south-west_stereo-BRUVs","IO324",114.639778,-34.00006,141,0,"20201023","2020-10_south-west_stereo-BRUVs.IO324","BRUV"
"2020-10_south-west_stereo-BRUVs","IO325",114.743378,-33.991557,85,0,"20201015","2020-10_south-west_stereo-BRUVs.IO325","BRUV"
"2020-10_south-west_stereo-BRUVs","IO326",114.6892833,-34.00425,121,0,"20201123","2020-10_south-west_stereo-BRUVs.IO326","BRUV"
"2020-10_south-west_stereo-BRUVs","IO327",114.7623833,-34.02946667,65.4,0,"20201015","2020-10_south-west_stereo-BRUVs.IO327","BRUV"
"2020-10_south-west_stereo-BRUVs","IO328",114.8213667,-33.99356667,43.8,3,"20201019","2020-10_south-west_stereo-BRUVs.IO328","BRUV"
"2020-10_south-west_stereo-BRUVs","IO329",114.7266333,-34.06481667,121,0,"20201023","2020-10_south-west_stereo-BRUVs.IO329","BRUV"
"2020-10_south-west_stereo-BRUVs","IO330",114.7545,-34.08833333,116,0,"20201022","2020-10_south-west_stereo-BRUVs.IO330","BRUV"
"2020-10_south-west_stereo-BRUVs","IO331",114.75005,-34.0984,112,0,"20201022","2020-10_south-west_stereo-BRUVs.IO331","BRUV"
"2020-10_south-west_stereo-BRUVs","IO332",114.7344833,-34.09718333,124,0,"20201022","2020-10_south-west_stereo-BRUVs.IO332","BRUV"
"2020-10_south-west_stereo-BRUVs","IO333",114.7251333,-34.11301667,127,0,"20201022","2020-10_south-west_stereo-BRUVs.IO333","BRUV"
"2020-10_south-west_stereo-BRUVs","IO334",114.7753667,-34.06155,64,0,"20201015","2020-10_south-west_stereo-BRUVs.IO334","BRUV"
"2020-10_south-west_stereo-BRUVs","IO335",114.7939833,-34.06686667,58,1,"20201015","2020-10_south-west_stereo-BRUVs.IO335","BRUV"
"2020-10_south-west_stereo-BRUVs","IO336",114.8663667,-34.0924,43.2,1,"20201016","2020-10_south-west_stereo-BRUVs.IO336","BRUV"
"2020-10_south-west_stereo-BRUVs","IO337",114.8202333,-34.00536667,43,0,"20201019","2020-10_south-west_stereo-BRUVs.IO337","BRUV"
"2020-10_south-west_stereo-BRUVs","IO338",114.92245,-33.97231667,46,0,"20201019","2020-10_south-west_stereo-BRUVs.IO338","BRUV"
"2020-10_south-west_stereo-BRUVs","IO339",114.8785,-34.01461667,41.1,1,"20201019","2020-10_south-west_stereo-BRUVs.IO339","BRUV"
"2020-10_south-west_stereo-BRUVs","IO34",114.8713721,-34.06118897,41.3,4,"20201016","2020-10_south-west_stereo-BRUVs.IO34","BRUV"
"2020-10_south-west_stereo-BRUVs","IO343",114.6407167,-34.10261667,140,0,"20201123","2020-10_south-west_stereo-BRUVs.IO343","BRUV"
"2020-10_south-west_stereo-BRUVs","IO344",114.6744,-34.0844,138,0,"20201023","2020-10_south-west_stereo-BRUVs.IO344","BRUV"
"2020-10_south-west_stereo-BRUVs","IO349",114.5963721,-34.02368897,133,0,"20201123","2020-10_south-west_stereo-BRUVs.IO349","BRUV"
"2020-10_south-west_stereo-BRUVs","IO350",114.6038721,-34.02618897,135,0,"20201123","2020-10_south-west_stereo-BRUVs.IO350","BRUV"
"2020-10_south-west_stereo-BRUVs","IO351",114.5963721,-34.03118897,142,0,"20201123","2020-10_south-west_stereo-BRUVs.IO351","BRUV"
"2020-10_south-west_stereo-BRUVs","IO352",114.5988721,-34.03618897,133,0,"20201123","2020-10_south-west_stereo-BRUVs.IO352","BRUV"
"2020-10_south-west_stereo-BRUVs","IO353",114.8390667,-34.05436667,44.1,0,"20201015","2020-10_south-west_stereo-BRUVs.IO353","BRUV"
"2020-10_south-west_stereo-BRUVs","IO354",114.84,-34.06605,45,15,"20201015","2020-10_south-west_stereo-BRUVs.IO354","BRUV"
"2020-10_south-west_stereo-BRUVs","IO355",114.9111,-34.05473333,45,0,"20201029","2020-10_south-west_stereo-BRUVs.IO355","BRUV"
"2020-10_south-west_stereo-BRUVs","IO356",114.9184667,-34.06956667,46.8,0,"20201016","2020-10_south-west_stereo-BRUVs.IO356","BRUV"
"2020-10_south-west_stereo-BRUVs","IO357",114.928,-34.08496667,45.9,0,"20201016","2020-10_south-west_stereo-BRUVs.IO357","BRUV"
"2020-10_south-west_stereo-BRUVs","IO36",114.7188721,-34.10368897,130,0,"20201022","2020-10_south-west_stereo-BRUVs.IO36","BRUV"
"2020-10_south-west_stereo-BRUVs","IO361",114.7413721,-33.98868897,84.7,0,"20201015","2020-10_south-west_stereo-BRUVs.IO361","BRUV"
"2020-10_south-west_stereo-BRUVs","IO363",114.7513721,-33.98618897,66.2,0,"20201015","2020-10_south-west_stereo-BRUVs.IO363","BRUV"
"2020-10_south-west_stereo-BRUVs","IO364",114.6888721,-34.00868897,130,0,"20201123","2020-10_south-west_stereo-BRUVs.IO364","BRUV"
"2020-10_south-west_stereo-BRUVs","IO365",114.7538721,-34.02368897,73.7,0,"20201015","2020-10_south-west_stereo-BRUVs.IO365","BRUV"
"2020-10_south-west_stereo-BRUVs","IO369",114.5913721,-34.02868897,133,0,"20201123","2020-10_south-west_stereo-BRUVs.IO369","BRUV"
"2020-10_south-west_stereo-BRUVs","IO37",114.7188721,-34.10868897,130,0,"20201022","2020-10_south-west_stereo-BRUVs.IO37","BRUV"
"2020-10_south-west_stereo-BRUVs","IO370",114.6463721,-33.99618897,141,0,"20201023","2020-10_south-west_stereo-BRUVs.IO370","BRUV"
"2020-10_south-west_stereo-BRUVs","IO372",114.6438721,-34.00618897,140,0,"20201023","2020-10_south-west_stereo-BRUVs.IO372","BRUV"
"2020-10_south-west_stereo-BRUVs","IO374",114.7463721,-33.98618897,72.9,0,"20201015","2020-10_south-west_stereo-BRUVs.IO374","BRUV"
"2020-10_south-west_stereo-BRUVs","IO377",114.7588721,-34.13868897,113,0,"20201022","2020-10_south-west_stereo-BRUVs.IO377","BRUV"
"2020-10_south-west_stereo-BRUVs","IO378",114.6388721,-33.99368897,141,0,"20201023","2020-10_south-west_stereo-BRUVs.IO378","BRUV"
"2020-10_south-west_stereo-BRUVs","IO379",114.6813721,-34.08368897,138,0,"20201123","2020-10_south-west_stereo-BRUVs.IO379","BRUV"
"2020-10_south-west_stereo-BRUVs","IO4",114.7813721,-34.09118897,65.6,0,"20201015","2020-10_south-west_stereo-BRUVs.IO4","BRUV"
"2020-10_south-west_stereo-BRUVs","IO40",114.7138721,-34.10368897,131,0,"20201022","2020-10_south-west_stereo-BRUVs.IO40","BRUV"
"2020-10_south-west_stereo-BRUVs","IO46",114.7113721,-34.06868897,129,0,"20201023","2020-10_south-west_stereo-BRUVs.IO46","BRUV"
"2020-10_south-west_stereo-BRUVs","IO47",114.7113721,-34.06368897,127,0,"20201023","2020-10_south-west_stereo-BRUVs.IO47","BRUV"
"2020-10_south-west_stereo-BRUVs","IO49",114.7063721,-34.06118897,129,0,"20201023","2020-10_south-west_stereo-BRUVs.IO49","BRUV"
"2020-10_south-west_stereo-BRUVs","IO5",114.7763721,-34.08868897,66.7,0,"20201015","2020-10_south-west_stereo-BRUVs.IO5","BRUV"
"2020-10_south-west_stereo-BRUVs","IO58",114.7738721,-34.13618897,92.7,0,"20201022","2020-10_south-west_stereo-BRUVs.IO58","BRUV"
"2020-10_south-west_stereo-BRUVs","IO59",114.7663721,-34.14118897,109,0,"20201022","2020-10_south-west_stereo-BRUVs.IO59","BRUV"
"2020-10_south-west_stereo-BRUVs","IO62",114.7663721,-34.13368897,105,0,"20201022","2020-10_south-west_stereo-BRUVs.IO62","BRUV"
"2020-10_south-west_stereo-BRUVs","IO64",114.8963721,-34.01368897,43.3,0,"20201019","2020-10_south-west_stereo-BRUVs.IO64","BRUV"
"2020-10_south-west_stereo-BRUVs","IO65",114.8888721,-34.01118897,43,0,"20201019","2020-10_south-west_stereo-BRUVs.IO65","BRUV"
"2020-10_south-west_stereo-BRUVs","IO66",114.8813721,-34.01618897,42.8,6,"20201019","2020-10_south-west_stereo-BRUVs.IO66","BRUV"
"2020-10_south-west_stereo-BRUVs","IO71",114.6988721,-34.00368897,121,0,"20201123","2020-10_south-west_stereo-BRUVs.IO71","BRUV"
"2020-10_south-west_stereo-BRUVs","IO72",114.8463721,-34.03618897,43.6,1,"20201019","2020-10_south-west_stereo-BRUVs.IO72","BRUV"
"2020-10_south-west_stereo-BRUVs","IO73",114.8588721,-34.02868897,40.4,11,"20201019","2020-10_south-west_stereo-BRUVs.IO73","BRUV"
"2020-10_south-west_stereo-BRUVs","IO74",114.8513721,-34.02868897,42.2,15,"20201019","2020-10_south-west_stereo-BRUVs.IO74","BRUV"
"2020-10_south-west_stereo-BRUVs","IO75",114.8538721,-34.03368897,42.2,9,"20201019","2020-10_south-west_stereo-BRUVs.IO75","BRUV"
"2020-10_south-west_stereo-BRUVs","IO80",114.8888721,-34.09368897,41.6,9,"20201016","2020-10_south-west_stereo-BRUVs.IO80","BRUV"
"2020-10_south-west_stereo-BRUVs","IO81",114.8913721,-34.09868897,42,2,"20201016","2020-10_south-west_stereo-BRUVs.IO81","BRUV"
"2020-10_south-west_stereo-BRUVs","IO91",114.8938721,-34.09368897,43.5,0,"20201016","2020-10_south-west_stereo-BRUVs.IO91","BRUV"
"2020-10_south-west_stereo-BRUVs","IO92",114.8863721,-34.09868897,42.3,4,"20201016","2020-10_south-west_stereo-BRUVs.IO92","BRUV"
"2020-10_south-west_stereo-BRUVs","IO95",114.7338721,-34.12618897,124,0,"20201022","2020-10_south-west_stereo-BRUVs.IO95","BRUV"
"2020-10_south-west_stereo-BRUVs","IO96",114.7363721,-34.13618897,127,0,"20201022","2020-10_south-west_stereo-BRUVs.IO96","BRUV"
"2020-10_south-west_stereo-BRUVs","IO98",114.7313721,-34.13368897,128,0,"20201022","2020-10_south-west_stereo-BRUVs.IO98","BRUV"
"2020-10_south-west_stereo-BRUVs","IOC04",114.749265,-34.08755,109,0,"20201022","2020-10_south-west_stereo-BRUVs.IOC04","BRUV"
"2020-10_south-west_stereo-BRUVs","IOC05",114.899843,-34.05394,43.2,0,"20201029","2020-10_south-west_stereo-BRUVs.IOC05","BRUV"
"2020-10_south-west_stereo-BRUVs","IO215",114.9263721,-34.06868897,46.7,0,"20201016","2020-10_south-west_stereo-BRUVs.IO215","BRUV"
"2020-10_south-west_stereo-BRUVs","IOCP11-1",114.696642,-33.992845,124,0,"20201123","2020-10_south-west_stereo-BRUVs.IOCP11-1","BRUV"
"2020-10_south-west_stereo-BRUVs","IOCP11-2",114.692773,-33.974332,124,0,"20201123","2020-10_south-west_stereo-BRUVs.IOCP11-2","BRUV"
"2020-10_south-west_stereo-BRUVs","IOCP2311",114.601465,-34.01858,142,0,"20201123","2020-10_south-west_stereo-BRUVs.IOCP2311","BRUV"
"2020-10_south-west_stereo-BRUVs","IOREDO344",114.6744,-34.0844,138,0,"20201123","2020-10_south-west_stereo-BRUVs.IOREDO344","BRUV"
"2020-10_south-west_BOSS","FH92",114.8714,-33.8437,44.1,8,"20201020","2020-10_south-west_BOSS.FH92","BOSS"
"2020-10_south-west_BOSS","FH61",114.8639,-33.8412,NA,15,"20201020","2020-10_south-west_BOSS.FH61","BOSS"
"2020-10_south-west_BOSS","FH27",114.8714,-33.8362,42.8,3,"20201020","2020-10_south-west_BOSS.FH27","BOSS"
"2020-10_south-west_BOSS","FH17",114.8764,-33.8337,NA,1,"20201020","2020-10_south-west_BOSS.FH17","BOSS"
"2020-10_south-west_BOSS","FH56",114.8664,-33.8312,41.9,11,"20201020","2020-10_south-west_BOSS.FH56","BOSS"
"2020-10_south-west_BOSS","FH96",114.8339,-33.8187,NA,10,"20201020","2020-10_south-west_BOSS.FH96","BOSS"
"2020-10_south-west_BOSS","FH60",114.8214,-33.8162,44.4,0,"20201020","2020-10_south-west_BOSS.FH60","BOSS"
"2020-10_south-west_BOSS","FH26",114.8289,-33.8112,43.9,2,"20201020","2020-10_south-west_BOSS.FH26","BOSS"
"2020-10_south-west_BOSS","FH110",114.8214,-33.8087,44.9,1,"20201020","2020-10_south-west_BOSS.FH110","BOSS"
"2020-10_south-west_BOSS","FH48",114.8139,-33.7962,45,7,"20201020","2020-10_south-west_BOSS.FH48","BOSS"
"2020-10_south-west_BOSS","FH21",114.8089,-33.7937,46.3,17,"20201020","2020-10_south-west_BOSS.FH21","BOSS"
"2020-10_south-west_BOSS","FH18",114.8214,-33.7912,45.1,3,"20201020","2020-10_south-west_BOSS.FH18","BOSS"
"2020-10_south-west_BOSS","FH106",114.8164,-33.7887,46.2,0,"20201020","2020-10_south-west_BOSS.FH106","BOSS"
"2020-10_south-west_BOSS","FH57",114.8114,-33.7887,44.2,7,"20201020","2020-10_south-west_BOSS.FH57","BOSS"
"2020-10_south-west_BOSS","FH34",114.8839,-33.7862,44.6,7,"20201020","2020-10_south-west_BOSS.FH34","BOSS"
"2020-10_south-west_BOSS","FH7",114.8789,-33.7837,45.2,0,"20201020","2020-10_south-west_BOSS.FH7","BOSS"
"2020-10_south-west_BOSS","FH20",114.8739,-33.7862,42.4,9,"20201020","2020-10_south-west_BOSS.FH20","BOSS"
"2020-10_south-west_BOSS","FH93",114.8689,-33.7762,44.3,13,"20201020","2020-10_south-west_BOSS.FH93","BOSS"
"2020-10_south-west_BOSS","FH44",114.8639,-33.7712,44.5,17,"20201020","2020-10_south-west_BOSS.FH44","BOSS"
"2020-10_south-west_BOSS","FH14",114.8714,-33.7662,44.9,0,"20201020","2020-10_south-west_BOSS.FH14","BOSS"
"2020-10_south-west_BOSS","FH95",114.8914,-33.7587,NA,0,"20201020","2020-10_south-west_BOSS.FH95","BOSS"
"2020-10_south-west_BOSS","FH62",114.8814,-33.7562,45.2,2,"20201020","2020-10_south-west_BOSS.FH62","BOSS"
"2020-10_south-west_BOSS","FH30",114.8889,-33.7512,NA,0,"20201020","2020-10_south-west_BOSS.FH30","BOSS"
"2020-10_south-west_BOSS","261",114.9214,-33.9762,46.5,0,"20201030","2020-10_south-west_BOSS.261","BOSS"
"2020-10_south-west_BOSS","338",114.9225,-33.9723,46,0,"20201030","2020-10_south-west_BOSS.338","BOSS"
"2020-10_south-west_BOSS","260",114.9164,-33.9712,46.1,5,"20201030","2020-10_south-west_BOSS.260","BOSS"
"2020-10_south-west_BOSS","259",114.9214,-33.9687,46.3,2,"20201030","2020-10_south-west_BOSS.259","BOSS"
"2020-10_south-west_BOSS","258",114.9139,-33.9662,46.2,8,"20201030","2020-10_south-west_BOSS.258","BOSS"
"2020-10_south-west_BOSS","FH10",114.8864,-33.9862,NA,1,"20201030","2020-10_south-west_BOSS.FH10","BOSS"
"2020-10_south-west_BOSS","FH111",114.8789,-33.9862,NA,4,"20201030","2020-10_south-west_BOSS.FH111","BOSS"
"2020-10_south-west_BOSS","130",114.8764,-33.9812,NA,20,"20201030","2020-10_south-west_BOSS.130","BOSS"
"2020-10_south-west_BOSS","152",114.8689,-33.9812,41.9,4,"20201030","2020-10_south-west_BOSS.152","BOSS"
"2020-10_south-west_BOSS","134",114.8614,-33.9837,41.3,5,"20201030","2020-10_south-west_BOSS.134","BOSS"
"2020-10_south-west_BOSS","133",114.8664,-33.9912,40.5,21,"20201030","2020-10_south-west_BOSS.133","BOSS"
"2020-10_south-west_BOSS","132",114.8714,-33.9912,42.7,21,"20201030","2020-10_south-west_BOSS.132","BOSS"
"2020-10_south-west_BOSS","FH77",114.8764,-33.9962,42,1,"20201030","2020-10_south-west_BOSS.FH77","BOSS"
"2020-10_south-west_BOSS","FH52",114.8889,-33.9912,42.8,14,"20201030","2020-10_south-west_BOSS.FH52","BOSS"
"2020-10_south-west_BOSS","244",114.9064,-34.0037,45.6,0,"20201030","2020-10_south-west_BOSS.244","BOSS"
"2020-10_south-west_BOSS","245",114.9014,-34.0087,45.5,1,"20201030","2020-10_south-west_BOSS.245","BOSS"
"2020-10_south-west_BOSS","64",114.8964,-34.0137,NA,0,"20201030","2020-10_south-west_BOSS.64","BOSS"
"2020-10_south-west_BOSS","C01",114.8891,-34.015,NA,0,"20201030","2020-10_south-west_BOSS.C01","BOSS"
"2020-10_south-west_BOSS","65",114.8889,-34.0112,NA,2,"20201030","2020-10_south-west_BOSS.65","BOSS"
"2020-10_south-west_BOSS","272",114.8139,-34.0087,50.1,0,"20201030","2020-10_south-west_BOSS.272","BOSS"
"2020-10_south-west_BOSS","337",114.8202,-34.0054,43.8,0,"20201030","2020-10_south-west_BOSS.337","BOSS"
"2020-10_south-west_BOSS","273",114.8214,-33.9987,46,1,"20201030","2020-10_south-west_BOSS.273","BOSS"
"2020-10_south-west_BOSS","328",114.8214,-33.9936,44.8,5,"20201030","2020-10_south-west_BOSS.328","BOSS"
"2020-10_south-west_BOSS","269",114.8139,-33.9887,47.7,0,"20201030","2020-10_south-west_BOSS.269","BOSS"
"2020-10_south-west_BOSS","145",114.8239,-33.9862,44.3,1,"20201030","2020-10_south-west_BOSS.145","BOSS"
"2020-10_south-west_BOSS","147",114.8314,-33.9812,43.6,0,"20201030","2020-10_south-west_BOSS.147","BOSS"
"2020-10_south-west_BOSS","158",114.8189,-33.9812,46.1,0,"20201030","2020-10_south-west_BOSS.158","BOSS"
"2020-10_south-west_BOSS","146",114.8214,-33.9762,45.3,8,"20201030","2020-10_south-west_BOSS.146","BOSS"
"2020-10_south-west_BOSS","157",114.8239,-33.9712,44.7,5,"20201030","2020-10_south-west_BOSS.157","BOSS"
"2020-10_south-west_BOSS","OMR1",114.9582,-33.9676,35.6,0,"20201030","2020-10_south-west_BOSS.OMR1","BOSS"
"2020-10_south-west_BOSS","OMR2",114.9551,-33.9679,38,0,"20201030","2020-10_south-west_BOSS.OMR2","BOSS"
"2020-10_south-west_BOSS","OMR3",114.9543,-33.9685,38,0,"20201030","2020-10_south-west_BOSS.OMR3","BOSS"
"2020-10_south-west_BOSS","OMR4",114.9529,-33.9682,38.6,0,"20201030","2020-10_south-west_BOSS.OMR4","BOSS"
"2020-10_south-west_BOSS","216",114.9164,-34.0612,47.5,0,"20201031","2020-10_south-west_BOSS.216","BOSS"
"2020-10_south-west_BOSS","235",114.9364,-34.0912,47,2,"20201031","2020-10_south-west_BOSS.235","BOSS"
"2020-10_south-west_BOSS","217",114.9189,-34.0662,46.3,0,"20201031","2020-10_south-west_BOSS.217","BOSS"
"2020-10_south-west_BOSS","215",114.9264,-34.0687,46.9,0,"20201031","2020-10_south-west_BOSS.215","BOSS"
"2020-10_south-west_BOSS","356",114.9185,-34.0696,47.2,2,"20201031","2020-10_south-west_BOSS.356","BOSS"
"2020-10_south-west_BOSS","218",114.9214,-34.0737,46.5,0,"20201031","2020-10_south-west_BOSS.218","BOSS"
"2020-10_south-west_BOSS","102",114.9114,-34.0712,46.4,0,"20201031","2020-10_south-west_BOSS.102","BOSS"
"2020-10_south-west_BOSS","100",114.9089,-34.0762,44.5,11,"20201031","2020-10_south-west_BOSS.100","BOSS"
"2020-10_south-west_BOSS","119",114.9039,-34.0762,43.5,0,"20201031","2020-10_south-west_BOSS.119","BOSS"
"2020-10_south-west_BOSS","101",114.8964,-34.0787,43.4,0,"20201031","2020-10_south-west_BOSS.101","BOSS"
"2020-10_south-west_BOSS","236",114.9239,-34.0812,46,0,"20201031","2020-10_south-west_BOSS.236","BOSS"
"2020-10_south-west_BOSS","237",114.9364,-34.0812,43.2,0,"20201031","2020-10_south-west_BOSS.237","BOSS"
"2020-10_south-west_BOSS","C02",114.927902,-34.085378,45,0,"C02","2020-10_south-west_BOSS.C02","BOSS"
"2020-10_south-west_BOSS","235REDO",114.9364,-34.0912,44.3,0,"20201031","2020-10_south-west_BOSS.235REDO","BOSS"
"2020-10_south-west_BOSS","239",114.9314,-34.0912,45.3,0,"20201031","2020-10_south-west_BOSS.239","BOSS"
"2020-10_south-west_BOSS","91",114.8939,-34.0937,42.7,0,"20201031","2020-10_south-west_BOSS.91","BOSS"
"2020-10_south-west_BOSS","80",114.8889,-34.0937,43.1,9,"20201031","2020-10_south-west_BOSS.80","BOSS"
"2020-10_south-west_BOSS","81",114.8914,-34.0987,43.3,15,"20201031","2020-10_south-west_BOSS.81","BOSS"
"2020-10_south-west_BOSS","92",114.8864,-34.0987,41.3,6,"20201031","2020-10_south-west_BOSS.92","BOSS"
"2020-10_south-west_BOSS","210",114.8739,-34.0912,43.9,15,"20201031","2020-10_south-west_BOSS.210","BOSS"
"2020-10_south-west_BOSS","336",114.8664,-34.0924,43.1,3,"20201031","2020-10_south-west_BOSS.336","BOSS"
"2020-10_south-west_BOSS","195",114.8589,-34.0937,44.4,10,"20201031","2020-10_south-west_BOSS.195","BOSS"
"2020-10_south-west_BOSS","199",114.8614,-34.0862,42.7,4,"20201031","2020-10_south-west_BOSS.199","BOSS"
"2020-10_south-west_BOSS","16",114.8689,-34.0737,41.4,4,"20201031","2020-10_south-west_BOSS.16","BOSS"
"2020-10_south-west_BOSS","17",114.8764,-34.0637,41,2,"20201031","2020-10_south-west_BOSS.17","BOSS"
"2020-10_south-west_BOSS","34",114.8714,-34.0612,41.4,10,"20201031","2020-10_south-west_BOSS.34","BOSS"
"2020-10_south-west_BOSS","15",114.8664,-34.0612,41.6,15,"20201031","2020-10_south-west_BOSS.15","BOSS"
"2020-10_south-west_BOSS","223",114.8464,-34.0712,44.2,8,"20201031","2020-10_south-west_BOSS.223","BOSS"
"2020-10_south-west_BOSS","225",114.8339,-34.0712,45.2,0,"20201031","2020-10_south-west_BOSS.225","BOSS"
"2020-10_south-west_BOSS","222",114.8314,-34.0662,46.9,0,"20201031","2020-10_south-west_BOSS.222","BOSS"
"2020-10_south-west_BOSS","C03.1",114.83978,-34.066438,42.4,0,"20201031","2020-10_south-west_BOSS.C03.1","BOSS"
"2020-10_south-west_BOSS","C03.2",114.83978,-34.066438,43.4,0,"20201031","2020-10_south-west_BOSS.C03.2","BOSS"
"2020-10_south-west_BOSS","226",114.8439,-34.0637,44,4,"20201031","2020-10_south-west_BOSS.226","BOSS"
"2020-10_south-west_BOSS","224",114.8389,-34.0612,44.9,3,"20201031","2020-10_south-west_BOSS.224","BOSS"
"2020-10_south-west_BOSS","220",114.8439,-34.0562,43.9,0,"20201031","2020-10_south-west_BOSS.220","BOSS"
"2020-10_south-west_BOSS","353",114.8391,-34.0544,45,0,"20201031","2020-10_south-west_BOSS.353","BOSS"
"2020-10_south-west_BOSS","201",114.8339,-34.0562,46.3,0,"20201031","2020-10_south-west_BOSS.201","BOSS"
"2020-10_south-west_BOSS","72",114.8464,-34.0362,43.3,9,"20201031","2020-10_south-west_BOSS.72","BOSS"
"2020-10_south-west_BOSS","75",114.8539,-34.0337,42.6,14,"20201031","2020-10_south-west_BOSS.75","BOSS"
"2020-10_south-west_BOSS","74",114.8514,-34.0287,43.2,15,"20201031","2020-10_south-west_BOSS.74","BOSS"
"2020-10_south-west_BOSS","73",114.8589,-34.0287,42.2,24,"20201031","2020-10_south-west_BOSS.73","BOSS"
"2020-10_south-west_BOSS","264",114.8739,-34.0187,42.4,7,"20201031","2020-10_south-west_BOSS.264","BOSS"
"2020-10_south-west_BOSS","66",114.8814,-34.0162,42.5,15,"20201031","2020-10_south-west_BOSS.66","BOSS"
"2020-10_south-west_BOSS","339",114.8785,-34.0146,42.1,11,"20201031","2020-10_south-west_BOSS.339","BOSS"
"2020-10_south-west_BOSS","262",114.8739,-34.0137,42.1,5,"20201031","2020-10_south-west_BOSS.262","BOSS"
"2020-10_south-west_BOSS","263",114.8789,-34.0087,42.6,20,"20201031","2020-10_south-west_BOSS.263","BOSS"
"2020-10_south-west_BOSS","278",114.6389,-34.1112,140,0,"20201104","2020-10_south-west_BOSS.278","BOSS"
"2020-10_south-west_BOSS","40",114.7139,-34.1037,130,0,"20201104","2020-10_south-west_BOSS.40","BOSS"
"2020-10_south-west_BOSS","36",114.7189,-34.1037,129,0,"20201104","2020-10_south-west_BOSS.36","BOSS"
"2020-10_south-west_BOSS","37",114.7189,-34.1087,129,0,"20201104","2020-10_south-west_BOSS.37","BOSS"
"2020-10_south-west_BOSS","308",114.7289,-34.1112,125,0,"20201104","2020-10_south-west_BOSS.308","BOSS"
"2020-10_south-west_BOSS","333",114.7251,-34.113,125,0,"20201104","2020-10_south-west_BOSS.333","BOSS"
"2020-10_south-west_BOSS","307",114.7264,-34.1187,119,0,"20201104","2020-10_south-west_BOSS.307","BOSS"
"2020-10_south-west_BOSS","95",114.7339,-34.1262,127,0,"20201104","2020-10_south-west_BOSS.95","BOSS"
"2020-10_south-west_BOSS","98",114.7314,-34.1337,128,0,"20201104","2020-10_south-west_BOSS.98","BOSS"
"2020-10_south-west_BOSS","110",114.7289,-34.1412,129,0,"20201104","2020-10_south-west_BOSS.110","BOSS"
"2020-10_south-west_BOSS","96",114.7364,-34.1362,126,0,"20201104","2020-10_south-west_BOSS.96","BOSS"
"2020-10_south-west_BOSS","377",114.7589,-34.1387,115,0,"20201104","2020-10_south-west_BOSS.377","BOSS"
"2020-10_south-west_BOSS","59",114.7664,-34.1412,110,0,"20201104","2020-10_south-west_BOSS.59","BOSS"
"2020-10_south-west_BOSS","58",114.7739,-34.1362,94.3,0,"20201104","2020-10_south-west_BOSS.58","BOSS"
"2020-10_south-west_BOSS","62",114.7664,-34.1337,108,0,"20201104","2020-10_south-west_BOSS.62","BOSS"
"2020-10_south-west_BOSS","297",114.7489,-34.1062,115,0,"20201104","2020-10_south-west_BOSS.297","BOSS"
"2020-10_south-west_BOSS","295",114.7539,-34.1037,112,0,"20201104","2020-10_south-west_BOSS.295","BOSS"
"2020-10_south-west_BOSS","331",114.7501,-34.0984,111,0,"20201104","2020-10_south-west_BOSS.331","BOSS"
"2020-10_south-west_BOSS","313",114.7564,-34.0962,105,0,"20201104","2020-10_south-west_BOSS.313","BOSS"
"2020-10_south-west_BOSS","282",114.5439,-34.1462,147,0,"20201107","2020-10_south-west_BOSS.282","BOSS"
"2020-10_south-west_BOSS","265",114.5364,-34.1487,148,0,"20201107","2020-10_south-west_BOSS.265","BOSS"
"2020-10_south-west_BOSS","340",114.5378,-34.143,148,0,"20201107","2020-10_south-west_BOSS.340","BOSS"
"2020-10_south-west_BOSS","281",114.5414,-34.1387,147,0,"20201107","2020-10_south-west_BOSS.281","BOSS"
"2020-10_south-west_BOSS","283",114.5364,-34.1387,149,0,"20201107","2020-10_south-west_BOSS.283","BOSS"
"2020-10_south-west_BOSS","342",114.4752,-34.0958,229,0,"20201107","2020-10_south-west_BOSS.342","BOSS"
"2020-10_south-west_BOSS","288",114.4814,-34.0912,201,0,"20201107","2020-10_south-west_BOSS.288","BOSS"
"2020-10_south-west_BOSS","274",114.4764,-34.0912,218,0,"20201107","2020-10_south-west_BOSS.274","BOSS"
"2020-10_south-west_BOSS","286",114.4789,-34.0787,203,0,"20201107","2020-10_south-west_BOSS.286","BOSS"
"2020-10_south-west_BOSS","285",114.4764,-34.0737,215,0,"20201107","2020-10_south-west_BOSS.285","BOSS"
"2020-10_south-west_BOSS","341",114.4776,-34.0725,215,0,"20201107","2020-10_south-west_BOSS.341","BOSS"
"2020-10_south-west_BOSS","284",114.4764,-34.0662,230,0,"20201107","2020-10_south-west_BOSS.284","BOSS"
"2020-10_south-west_BOSS","321",114.4681,-34.0482,242,0,"20201107","2020-10_south-west_BOSS.321","BOSS"
"2020-10_south-west_BOSS","358",114.4764,-34.0462,213,0,"20201107","2020-10_south-west_BOSS.358","BOSS"
"2020-10_south-west_BOSS","360",114.4714,-34.0437,255,0,"20201107","2020-10_south-west_BOSS.360","BOSS"
"2020-10_south-west_BOSS","248",114.4889,-34.0362,154,0,"20201107","2020-10_south-west_BOSS.248","BOSS"
"2020-10_south-west_BOSS","135",114.4839,-34.0337,170,0,"20201107","2020-10_south-west_BOSS.135","BOSS"
"2020-10_south-west_BOSS","247",114.4789,-34.0337,197,0,"20201107","2020-10_south-west_BOSS.247","BOSS"
"2020-10_south-west_BOSS","136",114.4789,-34.0287,180,0,"20201107","2020-10_south-west_BOSS.136","BOSS"
"2020-10_south-west_BOSS","76",114.4689,-34.0237,233,0,"20201107","2020-10_south-west_BOSS.76","BOSS"
"2020-10_south-west_BOSS","78",114.4689,-34.0162,219,0,"20201107","2020-10_south-west_BOSS.78","BOSS"
"2020-10_south-west_BOSS","63",114.4739,-34.0112,203,0,"20201107","2020-10_south-west_BOSS.63","BOSS"
"2020-10_south-west_BOSS","77",114.4664,-34.0112,221,0,"20201107","2020-10_south-west_BOSS.77","BOSS"
"2020-10_south-west_BOSS","347",114.5414,-34.0287,146,0,"20201107","2020-10_south-west_BOSS.347","BOSS"
"2020-10_south-west_BOSS","322",114.5439,-34.0327,145,0,"20201107","2020-10_south-west_BOSS.322","BOSS"
"2020-10_south-west_BOSS","346",114.5464,-34.0262,145,0,"20201107","2020-10_south-west_BOSS.346","BOSS"
"2020-10_south-west_BOSS","345",114.5514,-34.0287,146,0,"20201107","2020-10_south-west_BOSS.345","BOSS"
"2020-10_south-west_BOSS","49",114.7064,-34.0612,130,0,"20201108","2020-10_south-west_BOSS.49","BOSS"
"2020-10_south-west_BOSS","47",114.7114,-34.0637,127,0,"20201108","2020-10_south-west_BOSS.47","BOSS"
"2020-10_south-west_BOSS","46",114.7114,-34.0687,125,0,"20201108","2020-10_south-west_BOSS.46","BOSS"
"2020-10_south-west_BOSS","290",114.7189,-34.0687,124,0,"20201108","2020-10_south-west_BOSS.290","BOSS"
"2020-10_south-west_BOSS","302",114.7239,-34.0712,122,0,"20201108","2020-10_south-west_BOSS.302","BOSS"
"2020-10_south-west_BOSS","329",114.7266,-34.0648,118,0,"20201108","2020-10_south-west_BOSS.329","BOSS"
"2020-10_south-west_BOSS","117",114.7389,-34.0637,112,0,"20201108","2020-10_south-west_BOSS.117","BOSS"
"2020-10_south-west_BOSS","113",114.7389,-34.0587,111,0,"20201108","2020-10_south-west_BOSS.113","BOSS"
"2020-10_south-west_BOSS","115",114.7364,-34.0537,111,0,"20201108","2020-10_south-west_BOSS.115","BOSS"
"2020-10_south-west_BOSS","4",114.7814,-34.0912,60,0,"20201108","2020-10_south-west_BOSS.4","BOSS"
"2020-10_south-west_BOSS","5",114.7764,-34.0887,66,0,"20201108","2020-10_south-west_BOSS.5","BOSS"
"2020-10_south-west_BOSS","1",114.7789,-34.0787,62.6,0,"20201108","2020-10_south-west_BOSS.1","BOSS"
"2020-10_south-west_BOSS","3",114.7839,-34.0762,61.4,0,"20201108","2020-10_south-west_BOSS.3","BOSS"
"2020-10_south-west_BOSS","335",114.794,-34.0669,54.9,0,"20201108","2020-10_south-west_BOSS.335","BOSS"
"2020-10_south-west_BOSS","206",114.7914,-34.0637,58.2,0,"20201108","2020-10_south-west_BOSS.206","BOSS"
"2020-10_south-west_BOSS","204",114.7864,-34.0662,60.6,0,"20201108","2020-10_south-west_BOSS.204","BOSS"
"2020-10_south-west_BOSS","207",114.7864,-34.0612,60.2,0,"20201108","2020-10_south-west_BOSS.207","BOSS"
"2020-10_south-west_BOSS","312",114.7764,-34.0662,65.2,0,"20201108","2020-10_south-west_BOSS.312","BOSS"
"2020-10_south-west_BOSS","334",114.7754,-34.0616,63,0,"20201108","2020-10_south-west_BOSS.334","BOSS"
"2020-10_south-west_BOSS","310",114.7739,-34.0587,64.1,0,"20201108","2020-10_south-west_BOSS.310","BOSS"
"2020-10_south-west_BOSS","311",114.7689,-34.0562,67.2,0,"20201108","2020-10_south-west_BOSS.311","BOSS"
"2020-10_south-west_BOSS","327",114.7624,-34.0295,64.9,0,"20201108","2020-10_south-west_BOSS.327","BOSS"
"2020-10_south-west_BOSS","267",114.7639,-34.0262,62.7,0,"20201108","2020-10_south-west_BOSS.267","BOSS"
"2020-10_south-west_BOSS","365",114.7539,-34.0237,72,0,"20201108","2020-10_south-west_BOSS.365","BOSS"
"2020-10_south-west_BOSS","266",114.7589,-34.0212,67.3,0,"20201108","2020-10_south-west_BOSS.266","BOSS"
"2020-10_south-west_BOSS","325",114.7443,-33.9918,82.4,0,"20201108","2020-10_south-west_BOSS.325","BOSS"
"2020-10_south-west_BOSS","361",114.7414,-33.9887,84.3,0,"20201108","2020-10_south-west_BOSS.361","BOSS"
"2020-10_south-west_BOSS","374",114.7464,-33.9862,74.8,0,"20201108","2020-10_south-west_BOSS.374","BOSS"
"2020-10_south-west_BOSS","363",114.7514,-33.9862,65.6,0,"20201108","2020-10_south-west_BOSS.363","BOSS"
"2020-10_south-west_BOSS","227",114.7839,-33.9987,54.1,0,"20201108","2020-10_south-west_BOSS.227","BOSS"
"2020-10_south-west_BOSS","229",114.7864,-33.9937,52.5,0,"20201108","2020-10_south-west_BOSS.229","BOSS"
"2020-10_south-west_BOSS","241",114.7914,-33.9937,51.3,0,"20201108","2020-10_south-west_BOSS.241","BOSS"
"2020-10_south-west_BOSS","228",114.7939,-34.0037,50.6,2,"20201108","2020-10_south-west_BOSS.228","BOSS"
"2020-10_south-west_BOSS","278REDO",114.6389,-34.1112,140,0,"20201111","2020-10_south-west_BOSS.278REDO","BOSS"
"2020-10_south-west_BOSS","277",114.6464,-34.1062,139,0,"20201111","2020-10_south-west_BOSS.277","BOSS"
"2020-10_south-west_BOSS","343",114.6407,-34.1026,140,0,"20201111","2020-10_south-west_BOSS.343","BOSS"
"2020-10_south-west_BOSS","276",114.6364,-34.1012,141,0,"20201111","2020-10_south-west_BOSS.276","BOSS"
"2020-10_south-west_BOSS","275",114.6464,-34.0987,139,0,"20201111","2020-10_south-west_BOSS.275","BOSS"
"2020-10_south-west_BOSS","280",114.6739,-34.0887,138,0,"20201111","2020-10_south-west_BOSS.280","BOSS"
"2020-10_south-west_BOSS","344",114.6744,-34.0844,138,0,"20201111","2020-10_south-west_BOSS.344","BOSS"
"2020-10_south-west_BOSS","299",114.6764,-34.0812,138,0,"20201111","2020-10_south-west_BOSS.299","BOSS"
"2020-10_south-west_BOSS","298",114.6714,-34.0762,136,0,"20201111","2020-10_south-west_BOSS.298","BOSS"
"2020-10_south-west_BOSS","352",114.5989,-34.0362,140,0,"20201111","2020-10_south-west_BOSS.352","BOSS"
"2020-10_south-west_BOSS","323",114.6001,-34.031,142,0,"20201111","2020-10_south-west_BOSS.323","BOSS"
"2020-10_south-west_BOSS","351",114.5964,-34.0312,141,0,"20201111","2020-10_south-west_BOSS.351","BOSS"
"2020-10_south-west_BOSS","369",114.5914,-34.0287,134,0,"20201111","2020-10_south-west_BOSS.369","BOSS"
"2020-10_south-west_BOSS","349",114.5964,-34.0237,134,0,"20201111","2020-10_south-west_BOSS.349","BOSS"
"2020-10_south-west_BOSS","350",114.6039,-34.0262,142,0,"20201111","2020-10_south-west_BOSS.350","BOSS"
"2020-10_south-west_BOSS","372",114.6439,-34.0062,134,0,"20201111","2020-10_south-west_BOSS.372","BOSS"
"2020-10_south-west_BOSS","324",114.6406,-33.9984,142,0,"20201111","2020-10_south-west_BOSS.324","BOSS"
"2020-10_south-west_BOSS","378",114.6389,-33.9937,142,0,"20201111","2020-10_south-west_BOSS.378","BOSS"
"2020-10_south-west_BOSS","370",114.6464,-33.9962,141,0,"20201111","2020-10_south-west_BOSS.370","BOSS"
"2020-10_south-west_BOSS","191",114.6714,-33.9987,136,0,"20201111","2020-10_south-west_BOSS.191","BOSS"
"2020-10_south-west_BOSS","194",114.6639,-33.9962,137,0,"20201111","2020-10_south-west_BOSS.194","BOSS"
"2020-10_south-west_BOSS","189",114.6639,-33.9887,138,0,"20201111","2020-10_south-west_BOSS.189","BOSS"
"2020-10_south-west_BOSS","192",114.6689,-33.9862,138,0,"20201111","2020-10_south-west_BOSS.192","BOSS"
"2020-10_south-west_BOSS","326",114.6893,-34.0043,129,0,"20201111","2020-10_south-west_BOSS.326","BOSS"
"2020-10_south-west_BOSS","364",114.6889,-34.0087,131,0,"20201111","2020-10_south-west_BOSS.364","BOSS"
"2020-10_south-west_BOSS","252",114.6939,-34.0087,129,0,"20201111","2020-10_south-west_BOSS.252","BOSS"
"2020-10_south-west_BOSS","250",114.6939,-34.0137,130,0,"20201111","2020-10_south-west_BOSS.250","BOSS"
"2020-10_south-west_BOSS","254",114.6964,-34.0187,128,0,"20201111","2020-10_south-west_BOSS.254","BOSS"
"2020-10_south-west_BOSS","253",114.7039,-34.0137,125,0,"20201111","2020-10_south-west_BOSS.253","BOSS"
"2020-10_south-west_BOSS","251",114.6989,-34.0112,128,0,"20201111","2020-10_south-west_BOSS.251","BOSS"
"2020-10_south-west_BOSS","71",114.6989,-34.0037,125,0,"20201111","2020-10_south-west_BOSS.71","BOSS"
"2020-10_south-west_BOSS","180",114.7039,-33.9962,123,0,"20201111","2020-10_south-west_BOSS.180","BOSS"
"2020-10_south-west_BOSS","CP11-1",114.6966,-33.9928,125,0,"20201111","2020-10_south-west_BOSS.CP11-1","BOSS"
"2020-10_south-west_BOSS","181",114.6989,-33.9887,125,0,"20201111","2020-10_south-west_BOSS.181","BOSS"
"2020-10_south-west_BOSS","CP11-2",114.6928,-33.9743,124,0,"20201111","2020-10_south-west_BOSS.CP11-2","BOSS"
"2020-10_south-west_BOSS","J11",114.9231,-34.1178,39.7,65,"20201119","2020-10_south-west_BOSS.J11","BOSS"
"2020-10_south-west_BOSS","J12",114.9285,-34.1323,44.7,0,"20201119","2020-10_south-west_BOSS.J12","BOSS"
"2020-10_south-west_BOSS","J9",114.9161,-34.1195,44.1,10,"20201119","2020-10_south-west_BOSS.J9","BOSS"
"2020-10_south-west_BOSS","J10",114.9187,-34.1173,38.7,29,"20201119","2020-10_south-west_BOSS.J10","BOSS"
"2020-10_south-west_BOSS","J1",114.9309,-34.1286,44.3,0,"20201119","2020-10_south-west_BOSS.J1","BOSS"
"2020-10_south-west_BOSS","J2",114.9288,-34.1253,44.4,54,"20201119","2020-10_south-west_BOSS.J2","BOSS"
"2020-10_south-west_BOSS","J3",114.9259,-34.1269,44.4,36,"20201119","2020-10_south-west_BOSS.J3","BOSS"
"2020-10_south-west_BOSS","J4",114.9203,-34.1226,42.9,0,"20201119","2020-10_south-west_BOSS.J4","BOSS"
"2020-10_south-west_BOSS","J8",114.9118,-34.1294,43.4,0,"20201119","2020-10_south-west_BOSS.J8","BOSS"
"2020-10_south-west_BOSS","J6",114.9124,-34.1328,37.1,0,"20201119","2020-10_south-west_BOSS.J6","BOSS"
"2020-10_south-west_BOSS","J5",114.9158,-34.1315,42.7,3,"20201119","2020-10_south-west_BOSS.J5","BOSS"
"2020-10_south-west_BOSS","J7",114.9102,-34.1348,43.3,38,"20201119","2020-10_south-west_BOSS.J7","BOSS"
"2020-10_south-west_BOSS","J17",114.9208,-34.1321,40.6,47,"20201119","2020-10_south-west_BOSS.J17","BOSS"
"2020-10_south-west_BOSS","J14",114.9255,-34.1284,41.7,1,"20201119","2020-10_south-west_BOSS.J14","BOSS"
"2020-10_south-west_BOSS","J16",114.9065,-34.1262,41.2,3,"20201119","2020-10_south-west_BOSS.J16","BOSS"
"2020-10_south-west_BOSS","J15",114.9103,-34.125,40.8,3,"20201119","2020-10_south-west_BOSS.J15","BOSS"
"2020-10_south-west_BOSS","J13",114.9305,-34.1285,42.3,21,"20201119","2020-10_south-west_BOSS.J13","BOSS"
"2020-10_south-west_BOSS","J18",114.9241,-34.1287,41.4,5,"20201119","2020-10_south-west_BOSS.J18","BOSS"
"2020-10_south-west_BOSS","J24",114.8264,-34.1187,42.4,4,"20201119","2020-10_south-west_BOSS.J24","BOSS"
"2020-10_south-west_BOSS","J26",114.8289,-34.1209,42.6,8,"20201119","2020-10_south-west_BOSS.J26","BOSS"
"2020-10_south-west_BOSS","J25",114.8284,-34.1168,43,33,"20201119","2020-10_south-west_BOSS.J25","BOSS"
"2020-10_south-west_BOSS","J32",114.8611,-34.1301,42.9,22,"20201119","2020-10_south-west_BOSS.J32","BOSS"
"2020-10_south-west_BOSS","J30",114.8595,-34.1121,42.5,43,"20201119","2020-10_south-west_BOSS.J30","BOSS"
"2020-10_south-west_BOSS","J28",114.8521,-34.1129,42.9,19,"20201119","2020-10_south-west_BOSS.J28","BOSS"
"2020-10_south-west_BOSS","J29",114.8556,-34.1111,43.8,30,"20201119","2020-10_south-west_BOSS.J29","BOSS"
"2020-10_south-west_BOSS","J31",114.8607,-34.116,43.4,37,"20201119","2020-10_south-west_BOSS.J31","BOSS"
"2020-10_south-west_BOSS","J27",114.8329,-34.1218,43.5,6,"20201119","2020-10_south-west_BOSS.J27","BOSS"
"2020-10_south-west_BOSS","J19",114.9278,-34.1225,45.9,5,"20201119","2020-10_south-west_BOSS.J19","BOSS"
"2020-10_south-west_BOSS","J21",114.8174,-34.1282,48.2,7,"20201119","2020-10_south-west_BOSS.J21","BOSS"
"2020-10_south-west_BOSS","J22",114.8196,-34.1263,49.6,1,"20201119","2020-10_south-west_BOSS.J22","BOSS"
"2020-10_south-west_BOSS","J34",114.8661,-34.1313,49.6,5,"20201119","2020-10_south-west_BOSS.J34","BOSS"
"2020-10_south-west_BOSS","J36",114.8783,-34.1305,49.3,4,"20201119","2020-10_south-west_BOSS.J36","BOSS"
"2020-10_south-west_BOSS","J35",114.8693,-34.1348,52,3,"20201119","2020-10_south-west_BOSS.J35","BOSS"
"2020-10_south-west_BOSS","J33",114.8627,-34.1331,51.3,5,"20201119","2020-10_south-west_BOSS.J33","BOSS"
"2020-10_south-west_BOSS","J38",114.8839,-34.1279,51,0,"20201119","2020-10_south-west_BOSS.J38","BOSS"
"2020-10_south-west_BOSS","J37",114.8789,-34.1264,49.3,1,"20201119","2020-10_south-west_BOSS.J37","BOSS"
"2020-10_south-west_BOSS","J20",114.8202,-34.1302,48,8,"20201119","2020-10_south-west_BOSS.J20","BOSS"
"2020-10_south-west_BOSS","122",114.8264,-34.1162,49.4,12,"20201119","2020-10_south-west_BOSS.122","BOSS"
"2020-10_south-west_BOSS","125",114.8264,-34.1087,48.3,0,"20201119","2020-10_south-west_BOSS.125","BOSS"
"2020-10_south-west_BOSS","123",114.8189,-34.1062,49.1,0,"20201119","2020-10_south-west_BOSS.123","BOSS"
"2020-10_south-west_BOSS","126",114.8189,-34.1137,48.8,7,"20201119","2020-10_south-west_BOSS.126","BOSS"
"2020-10_south-west_BOSS","293",114.7589,-34.0887,95.2,0,"20201119","2020-10_south-west_BOSS.293","BOSS"
"2020-10_south-west_BOSS","330",114.7545,-34.0883,116,0,"20201119","2020-10_south-west_BOSS.330","BOSS"
"2020-10_south-west_BOSS","C04",114.7493,-34.0876,110,0,"20201119","2020-10_south-west_BOSS.C04","BOSS"
"2020-10_south-west_BOSS","291",114.7489,-34.0837,108,0,"20201119","2020-10_south-west_BOSS.291","BOSS"
"2020-10_south-west_BOSS","294",114.7539,-34.0837,102,0,"20201119","2020-10_south-west_BOSS.294","BOSS"
"2021-03_West-Coast_BOSS","148",114.925,-34.0518,46.6,0,"20210308","2021-03_West-Coast_BOSS.148","BOSS"
"2021-03_West-Coast_BOSS","2",114.924,-34.0604,47.3,0,"20210308","2021-03_West-Coast_BOSS.2","BOSS"
"2021-03_West-Coast_BOSS","99",114.916,-34.0555,47.2,1,"20210308","2021-03_West-Coast_BOSS.99","BOSS"
"2021-03_West-Coast_BOSS","127",114.91,-34.0545,44,20,"20210308","2021-03_West-Coast_BOSS.127","BOSS"
"2021-03_West-Coast_BOSS","43",114.909,-34.0521,45.5,9,"20210308","2021-03_West-Coast_BOSS.43","BOSS"
"2021-03_West-Coast_BOSS","110",114.907,-34.0505,45,33,"20210308","2021-03_West-Coast_BOSS.110","BOSS"
"2021-03_West-Coast_BOSS","139",114.898,-34.0616,44,3,"20210308","2021-03_West-Coast_BOSS.139","BOSS"
"2021-03_West-Coast_BOSS","133",114.911,-34.075,44,19,"20210308","2021-03_West-Coast_BOSS.133","BOSS"
"2021-03_West-Coast_BOSS","52",114.915,-34.0826,46.1,13,"20210308","2021-03_West-Coast_BOSS.52","BOSS"
"2021-03_West-Coast_BOSS","91",114.928,-34.0807,44.8,0,"20210308","2021-03_West-Coast_BOSS.91","BOSS"
"2021-03_West-Coast_BOSS","47",114.926,-34.0832,45.1,18,"20210308","2021-03_West-Coast_BOSS.47","BOSS"
"2021-03_West-Coast_BOSS","16",114.924,-34.0848,44.1,20,"20210308","2021-03_West-Coast_BOSS.16","BOSS"
"2021-03_West-Coast_BOSS","38",114.917,-34.0904,45.4,19,"20210308","2021-03_West-Coast_BOSS.38","BOSS"
"2021-03_West-Coast_BOSS","71",114.908,-34.0923,43.5,5,"20210308","2021-03_West-Coast_BOSS.71","BOSS"
"2021-03_West-Coast_BOSS","14",114.913,-34.0979,43.6,0,"20210308","2021-03_West-Coast_BOSS.14","BOSS"
"2021-03_West-Coast_BOSS","150",114.917,-34.1,44.6,0,"20210308","2021-03_West-Coast_BOSS.150","BOSS"
"2021-03_West-Coast_BOSS","92",114.918,-34.101,44.3,27,"20210308","2021-03_West-Coast_BOSS.92","BOSS"
"2021-03_West-Coast_BOSS","28",114.923,-34.0995,47,14,"20210308","2021-03_West-Coast_BOSS.28","BOSS"
"2021-03_West-Coast_BOSS","124",114.929,-34.1003,45,0,"20210308","2021-03_West-Coast_BOSS.124","BOSS"
"2021-03_West-Coast_BOSS","53",114.92,-34.1047,45.4,0,"20210308","2021-03_West-Coast_BOSS.53","BOSS"
"2021-03_West-Coast_BOSS","6",114.918,-34.1073,44.4,22,"20210308","2021-03_West-Coast_BOSS.6","BOSS"
"2021-03_West-Coast_BOSS","149",114.931,-34.1135,45.1,7,"20210308","2021-03_West-Coast_BOSS.149","BOSS"
"2021-03_West-Coast_BOSS","32",114.921,-34.1125,45.1,18,"20210308","2021-03_West-Coast_BOSS.32","BOSS"
"2021-03_West-Coast_BOSS","116",114.919,-34.1138,45.1,1,"20210308","2021-03_West-Coast_BOSS.116","BOSS"
"2021-03_West-Coast_BOSS","69",114.911,-34.1187,43.7,9,"20210308","2021-03_West-Coast_BOSS.69","BOSS"
"2021-03_West-Coast_BOSS","138",114.912,-34.119,41.8,26,"20210308","2021-03_West-Coast_BOSS.138","BOSS"
"2021-03_West-Coast_BOSS","76",114.916,-34.1217,43.3,22,"20210308","2021-03_West-Coast_BOSS.76","BOSS"
"2021-03_West-Coast_BOSS","144",114.92,-34.1221,43.2,9,"20210308","2021-03_West-Coast_BOSS.144","BOSS"
"2021-03_West-Coast_BOSS","5",114.93,-34.125,45.2,0,"20210308","2021-03_West-Coast_BOSS.5","BOSS"
"2021-03_West-Coast_BOSS","107",114.94,-34.1347,44.4,0,"20210308","2021-03_West-Coast_BOSS.107","BOSS"
"2021-03_West-Coast_BOSS","37",114.931,-34.1303,46.5,4,"20210308","2021-03_West-Coast_BOSS.37","BOSS"
"2021-03_West-Coast_BOSS","102",114.926,-34.1305,35.3,26,"20210308","2021-03_West-Coast_BOSS.102","BOSS"
"2021-03_West-Coast_BOSS","57",114.924,-34.1341,44.4,14,"20210308","2021-03_West-Coast_BOSS.57","BOSS"
"2021-03_West-Coast_BOSS","24",114.923,-34.1347,39.9,17,"20210308","2021-03_West-Coast_BOSS.24","BOSS"
"2021-03_West-Coast_BOSS","70",114.922,-34.1321,38.7,52,"20210308","2021-03_West-Coast_BOSS.70","BOSS"
"2021-03_West-Coast_BOSS","62",114.919,-34.1281,40.4,6,"20210308","2021-03_West-Coast_BOSS.62","BOSS"
"2021-03_West-Coast_BOSS","104",114.918,-34.1255,41.8,20,"20210308","2021-03_West-Coast_BOSS.104","BOSS"
"2021-03_West-Coast_BOSS","30",114.915,-34.1256,41.7,15,"20210308","2021-03_West-Coast_BOSS.30","BOSS"
"2021-03_West-Coast_BOSS","95",114.91,-34.1229,41.2,7,"20210308","2021-03_West-Coast_BOSS.95","BOSS"
"2021-03_West-Coast_BOSS","106",114.875,-34.1313,43.9,18,"20210308","2021-03_West-Coast_BOSS.106","BOSS"
"2021-03_West-Coast_BOSS","39",114.877,-34.1301,42.3,7,"20210308","2021-03_West-Coast_BOSS.39","BOSS"
"2021-03_West-Coast_BOSS","140",114.882,-34.1163,42.4,9,"20210308","2021-03_West-Coast_BOSS.140","BOSS"
"2021-03_West-Coast_BOSS","10",114.886,-34.1084,41.5,2,"20210308","2021-03_West-Coast_BOSS.10","BOSS"
"2021-03_West-Coast_BOSS","147",114.895,-34.0908,43.3,2,"20210308","2021-03_West-Coast_BOSS.147","BOSS"
"2021-03_West-Coast_BOSS","23",114.899,-34.0829,43.2,0,"20210308","2021-03_West-Coast_BOSS.23","BOSS"
"2021-03_West-Coast_BOSS","Old Point",114.869122,-34.050194,42.3,6,"20210309","2021-03_West-Coast_BOSS.Old Point","BOSS"
"2021-03_West-Coast_BOSS","41",114.877,-34.0596,41.4,1,"20210309","2021-03_West-Coast_BOSS.41","BOSS"
"2021-03_West-Coast_BOSS","33",114.871,-34.0742,46.7,1,"20210309","2021-03_West-Coast_BOSS.33","BOSS"
"2021-03_West-Coast_BOSS","86",114.865,-34.0774,41.2,7,"20210309","2021-03_West-Coast_BOSS.86","BOSS"
"2021-03_West-Coast_BOSS","56",114.873,-34.0782,41.6,1,"20210309","2021-03_West-Coast_BOSS.56","BOSS"
"2021-03_West-Coast_BOSS","65",114.884,-34.0813,41.6,3,"20210309","2021-03_West-Coast_BOSS.65","BOSS"
"2021-03_West-Coast_BOSS","137",114.877,-34.0854,42.1,9,"20210309","2021-03_West-Coast_BOSS.137","BOSS"
"2021-03_West-Coast_BOSS","48",114.882,-34.0891,42.1,8,"20210309","2021-03_West-Coast_BOSS.48","BOSS"
"2021-03_West-Coast_BOSS","67",114.873,-34.0899,42.5,1,"20210309","2021-03_West-Coast_BOSS.67","BOSS"
"2021-03_West-Coast_BOSS","126",114.87,-34.0912,43.1,10,"20210309","2021-03_West-Coast_BOSS.126","BOSS"
"2021-03_West-Coast_BOSS","44",114.858,-34.0931,43.8,18,"20210309","2021-03_West-Coast_BOSS.44","BOSS"
"2021-03_West-Coast_BOSS","35",114.852,-34.0959,43.5,9,"20210309","2021-03_West-Coast_BOSS.35","BOSS"
"2021-03_West-Coast_BOSS","100",114.847,-34.0961,43.4,9,"20210309","2021-03_West-Coast_BOSS.100","BOSS"
"2021-03_West-Coast_BOSS","7",114.853,-34.0995,44.2,10,"20210309","2021-03_West-Coast_BOSS.7","BOSS"
"2021-03_West-Coast_BOSS","108",114.85,-34.1001,44.1,25,"20210309","2021-03_West-Coast_BOSS.108","BOSS"
"2021-03_West-Coast_BOSS","26",114.844,-34.1003,44.2,2,"20210309","2021-03_West-Coast_BOSS.26","BOSS"
"2021-03_West-Coast_BOSS","125",114.847,-34.104,45.8,4,"20210309","2021-03_West-Coast_BOSS.125","BOSS"
"2021-03_West-Coast_BOSS","98",114.856,-34.1139,43.5,12,"20210309","2021-03_West-Coast_BOSS.98","BOSS"
"2021-03_West-Coast_BOSS","1",114.853,-34.1318,44.1,0,"20210309","2021-03_West-Coast_BOSS.1","BOSS"
"2021-03_West-Coast_BOSS","83",114.838,-34.1341,47.9,1,"20210309","2021-03_West-Coast_BOSS.83","BOSS"
"2021-03_West-Coast_BOSS","88",114.827,-34.1351,50.3,15,"20210309","2021-03_West-Coast_BOSS.88","BOSS"
"2021-03_West-Coast_BOSS","36",114.822,-34.1317,50.7,0,"20210309","2021-03_West-Coast_BOSS.36","BOSS"
"2021-03_West-Coast_BOSS","130",114.83,-34.1213,48.1,17,"20210309","2021-03_West-Coast_BOSS.130","BOSS"
"2021-03_West-Coast_BOSS","46",114.831,-34.119,48.1,5,"20210309","2021-03_West-Coast_BOSS.46","BOSS"
"2021-03_West-Coast_BOSS","93",114.845,-34.1196,45.1,0,"20210309","2021-03_West-Coast_BOSS.93","BOSS"
"2021-03_West-Coast_BOSS","78",114.841,-34.1182,46.7,14,"20210309","2021-03_West-Coast_BOSS.78","BOSS"
"2021-03_West-Coast_BOSS","50",114.842,-34.1143,45.7,16,"20210309","2021-03_West-Coast_BOSS.50","BOSS"
"2021-03_West-Coast_BOSS","80",114.832,-34.1034,46.6,2,"20210309","2021-03_West-Coast_BOSS.80","BOSS"
"2021-03_West-Coast_BOSS","114",114.834,-34.0969,46.4,24,"20210309","2021-03_West-Coast_BOSS.114","BOSS"
"2021-03_West-Coast_BOSS","64",114.84,-34.0937,47.7,13,"20210309","2021-03_West-Coast_BOSS.64","BOSS"
"2021-03_West-Coast_BOSS","136",114.833,-34.0891,46,8,"20210309","2021-03_West-Coast_BOSS.136","BOSS"
"2021-03_West-Coast_BOSS","97",114.842,-34.0872,44.8,17,"20210309","2021-03_West-Coast_BOSS.97","BOSS"
"2021-03_West-Coast_BOSS","121",114.853,-34.0836,42.8,4,"20210309","2021-03_West-Coast_BOSS.121","BOSS"
"2021-03_West-Coast_BOSS","3",114.851,-34.0789,43.5,7,"20210309","2021-03_West-Coast_BOSS.3","BOSS"
"2021-03_West-Coast_BOSS","73",114.848,-34.0802,43.4,0,"20210309","2021-03_West-Coast_BOSS.73","BOSS"
"2021-03_West-Coast_BOSS","118",114.826,-34.0714,47.3,2,"20210309","2021-03_West-Coast_BOSS.118","BOSS"
"2021-03_West-Coast_BOSS","128",114.823,-34.0694,47.8,2,"20210309","2021-03_West-Coast_BOSS.128","BOSS"
"2021-03_West-Coast_BOSS","60",114.821,-34.0652,48.7,5,"20210309","2021-03_West-Coast_BOSS.60","BOSS"
"2021-03_West-Coast_BOSS","134",114.857,-34.0631,41.7,14,"20210309","2021-03_West-Coast_BOSS.134","BOSS"
"2021-03_West-Coast_BOSS","120",114.861,-34.0617,41.2,7,"20210309","2021-03_West-Coast_BOSS.120","BOSS"
"2021-03_West-Coast_BOSS","8",114.851,-34.0554,42.5,9,"20210309","2021-03_West-Coast_BOSS.8","BOSS"
"2021-03_West-Coast_BOSS","68",114.859,-34.05,41.1,15,"20210309","2021-03_West-Coast_BOSS.68","BOSS"
"2021-03_West-Coast_BOSS","117",114.76,-34.0681,87.6,0,"20210310","2021-03_West-Coast_BOSS.117","BOSS"
"2021-03_West-Coast_BOSS","17",114.757,-34.0742,92.2,0,"20210310","2021-03_West-Coast_BOSS.17","BOSS"
"2021-03_West-Coast_BOSS","40",114.754,-34.0784,97,0,"20210310","2021-03_West-Coast_BOSS.40","BOSS"
"2021-03_West-Coast_BOSS","72",114.747,-34.0685,105,0,"20210310","2021-03_West-Coast_BOSS.72","BOSS"
"2021-03_West-Coast_BOSS","109",114.741,-34.0839,114,0,"20210310","2021-03_West-Coast_BOSS.109","BOSS"
"2021-03_West-Coast_BOSS","145",114.732,-34.0891,121,0,"20210310","2021-03_West-Coast_BOSS.145","BOSS"
"2021-03_West-Coast_BOSS","S1",114.639918,-34.10277,140,0,"20210310","2021-03_West-Coast_BOSS.S1","BOSS"
"2021-03_West-Coast_BOSS","S2",114.640335,-34.10284,140,0,"20210310","2021-03_West-Coast_BOSS.S2","BOSS"
"2021-03_West-Coast_BOSS","S3",114.640238,-34.102738,140,0,"20210310","2021-03_West-Coast_BOSS.S3","BOSS"
"2021-03_West-Coast_BOSS","90",114.731,-34.1003,122,0,"20210310","2021-03_West-Coast_BOSS.90","BOSS"
"2021-03_West-Coast_BOSS","22",114.745,-34.1033,116,0,"20210310","2021-03_West-Coast_BOSS.22","BOSS"
"2021-03_West-Coast_BOSS","77",114.75,-34.0979,111,0,"20210310","2021-03_West-Coast_BOSS.77","BOSS"
"2021-03_West-Coast_BOSS","82",114.759,-34.0964,100,0,"20210310","2021-03_West-Coast_BOSS.82","BOSS"
"2021-03_West-Coast_BOSS","49",114.762,-34.103,96.4,0,"20210310","2021-03_West-Coast_BOSS.49","BOSS"
"2021-03_West-Coast_BOSS","141",114.762,-34.1175,105,0,"20210310","2021-03_West-Coast_BOSS.141","BOSS"
"2021-03_West-Coast_BOSS","11",114.775,-34.1163,87.5,0,"20210310","2021-03_West-Coast_BOSS.11","BOSS"
"2021-03_West-Coast_BOSS","146",114.79,-34.1099,62.1,0,"20210310","2021-03_West-Coast_BOSS.146","BOSS"
"2021-03_West-Coast_BOSS","18",114.787,-34.1078,61.6,0,"20210310","2021-03_West-Coast_BOSS.18","BOSS"
"2021-03_West-Coast_BOSS","42",114.781,-34.106,70.1,0,"20210310","2021-03_West-Coast_BOSS.42","BOSS"
"2021-03_West-Coast_BOSS","84",114.78,-34.1034,69,0,"20210310","2021-03_West-Coast_BOSS.84","BOSS"
"2021-03_West-Coast_BOSS","20",114.784,-34.1018,63.7,0,"20210310","2021-03_West-Coast_BOSS.20","BOSS"
"2021-03_West-Coast_BOSS","55",114.778,-34.1011,71.7,0,"20210310","2021-03_West-Coast_BOSS.55","BOSS"
"2021-03_West-Coast_BOSS","115",114.774,-34.1013,80.2,0,"20210310","2021-03_West-Coast_BOSS.115","BOSS"
"2021-03_West-Coast_BOSS","96",114.776,-34.0975,71.4,0,"20210310","2021-03_West-Coast_BOSS.96","BOSS"
"2021-03_West-Coast_BOSS","89",114.775,-34.0945,72.3,0,"20210310","2021-03_West-Coast_BOSS.89","BOSS"
"2021-03_West-Coast_BOSS","131",114.773,-34.0906,73.4,0,"20210310","2021-03_West-Coast_BOSS.131","BOSS"
"2021-03_West-Coast_BOSS","112",114.779,-34.0897,64.3,0,"20210310","2021-03_West-Coast_BOSS.112","BOSS"
"2021-03_West-Coast_BOSS","101",114.782,-34.0917,65.1,0,"20210310","2021-03_West-Coast_BOSS.101","BOSS"
"2021-03_West-Coast_BOSS","12",114.783,-34.0901,64.1,0,"20210310","2021-03_West-Coast_BOSS.12","BOSS"
"2021-03_West-Coast_BOSS","54",114.789,-34.0925,61.4,0,"20210310","2021-03_West-Coast_BOSS.54","BOSS"
"2021-03_West-Coast_BOSS","94",114.787,-34.0889,62.7,0,"20210310","2021-03_West-Coast_BOSS.94","BOSS"
"2021-03_West-Coast_BOSS","4",114.785,-34.0862,63.5,1,"20210310","2021-03_West-Coast_BOSS.4","BOSS"
"2021-03_West-Coast_BOSS","79",114.783,-34.0875,63.5,0,"20210310","2021-03_West-Coast_BOSS.79","BOSS"
"2021-03_West-Coast_BOSS","103",114.774,-34.0866,69.1,0,"20210310","2021-03_West-Coast_BOSS.103","BOSS"
"2021-03_West-Coast_BOSS","129",114.772,-34.0839,71.8,0,"20210310","2021-03_West-Coast_BOSS.129","BOSS"
"2021-03_West-Coast_BOSS","45",114.771,-34.0816,74.4,0,"20210310","2021-03_West-Coast_BOSS.45","BOSS"
"2021-03_West-Coast_BOSS","143",114.776,-34.0833,63.3,0,"20210310","2021-03_West-Coast_BOSS.143","BOSS"
"2021-03_West-Coast_BOSS","113",114.78,-34.0809,64.4,0,"20210310","2021-03_West-Coast_BOSS.113","BOSS"
"2021-03_West-Coast_BOSS","122",114.777,-34.0789,66.4,0,"20210310","2021-03_West-Coast_BOSS.122","BOSS"
"2021-03_West-Coast_BOSS","27",114.789,-34.0521,54.2,2,"20210311","2021-03_West-Coast_BOSS.27","BOSS"
"2021-03_West-Coast_BOSS","135",114.77,-34.0516,64.6,0,"20210311","2021-03_West-Coast_BOSS.135","BOSS"
"2021-03_West-Coast_BOSS","74",114.769,-34.0513,64.9,0,"20210311","2021-03_West-Coast_BOSS.74","BOSS"
"2021-03_West-Coast_BOSS","105",114.76,-34.0534,79.3,0,"20210311","2021-03_West-Coast_BOSS.105","BOSS"
"2021-03_West-Coast_BOSS","63",114.761,-34.056,79.6,0,"20210311","2021-03_West-Coast_BOSS.63","BOSS"
"2021-03_West-Coast_BOSS","25",114.765,-34.0626,75.4,0,"20210311","2021-03_West-Coast_BOSS.25","BOSS"
"2021-03_West-Coast_BOSS","59",114.766,-34.062,70,0,"20210311","2021-03_West-Coast_BOSS.59","BOSS"
"2021-03_West-Coast_BOSS","123",114.785,-34.0614,60.4,0,"20210311","2021-03_West-Coast_BOSS.123","BOSS"
"2021-03_West-Coast_BOSS","119",114.771,-34.0634,64.8,0,"20210311","2021-03_West-Coast_BOSS.119","BOSS"
"2021-03_West-Coast_BOSS","15",114.769,-34.0656,70.3,0,"20210311","2021-03_West-Coast_BOSS.15","BOSS"
"2021-03_West-Coast_BOSS","85",114.767,-34.0701,76.3,0,"20210311","2021-03_West-Coast_BOSS.85","BOSS"
"2021-03_West-Coast_BOSS","81",114.775,-34.0726,67.3,0,"20210311","2021-03_West-Coast_BOSS.81","BOSS"
"2021-03_West-Coast_BOSS","29",114.784,-34.1266,74,0,"20210311","2021-03_West-Coast_BOSS.29","BOSS"
"2021-03_West-Coast_BOSS","61",114.783,-34.1305,80.9,0,"20210311","2021-03_West-Coast_BOSS.61","BOSS"
"2021-03_West-Coast_BOSS","21",114.797,-34.1285,62.5,0,"20210311","2021-03_West-Coast_BOSS.21","BOSS"
"2021-03_West-Coast_BOSS","58",114.794,-34.1219,62.1,0,"20210311","2021-03_West-Coast_BOSS.58","BOSS"
"2021-03_West-Coast_BOSS","87",114.805,-34.1259,59.2,0,"20210311","2021-03_West-Coast_BOSS.87","BOSS"
"2021-03_West-Coast_BOSS","132",114.808,-34.1162,54.3,0,"20210311","2021-03_West-Coast_BOSS.132","BOSS"
"2021-03_West-Coast_BOSS","9",114.813,-34.1175,51.7,12,"20210311","2021-03_West-Coast_BOSS.9","BOSS"
"2021-03_West-Coast_BOSS","111",114.812,-34.1035,49.9,3,"20210311","2021-03_West-Coast_BOSS.111","BOSS"
"2021-03_West-Coast_BOSS","142",114.814,-34.0971,49.3,14,"20210311","2021-03_West-Coast_BOSS.142","BOSS"
"2021-03_West-Coast_BOSS","66",114.807,-34.0855,51,0,"20210311","2021-03_West-Coast_BOSS.66","BOSS"
"2021-03_West-Coast_BOSS","34",114.798,-34.0829,56.3,0,"20210311","2021-03_West-Coast_BOSS.34","BOSS"
"2021-03_West-Coast_BOSS","19",114.806,-34.0802,50.6,11,"20210311","2021-03_West-Coast_BOSS.19","BOSS"
"2021-03_West-Coast_BOSS","75",114.816,-34.0836,49.6,1,"20210311","2021-03_West-Coast_BOSS.75","BOSS"
"2021-03_West-Coast_BOSS","51",114.814,-34.0709,49.7,27,"20210311","2021-03_West-Coast_BOSS.51","BOSS"
"2021-03_West-Coast_BOSS","31",114.806,-34.061,50.5,18,"20210311","2021-03_West-Coast_BOSS.31","BOSS"
"2021-03_West-Coast_BOSS","13",114.813,-34.051,49.6,2,"20210311","2021-03_West-Coast_BOSS.13","BOSS"
